case_id,method,method_key,Precision,Recall,F1,AUC_PR,NDCG15,NDCG25,matching_policy,legacy_semantic_matches,source_findings_relative_path
Mixed_medium_01,CommonNeighbors,CommonNeighbors,0.5428571428571428,0.95,0.6909090909090908,0.9207586805555555,0.8523720832560093,0.8523720832560093,strict,0,seek_data_v3_deep_enhanced/results/mediumcase/Mixed/Mixed_medium_01/CommonNeighbors_Analysis/findings.json
Mixed_medium_01,Peter-Clark,Peter-Clark,0.4857142857142857,0.85,0.6181818181818183,0.5507442486033743,0.6832557394425276,0.7702439794897893,strict,0,seek_data_v3_deep_enhanced/results/mediumcase/Mixed/Mixed_medium_01/Peter-Clark_Analysis/findings.json
Mixed_medium_01,GAT,GAT,0.4857142857142857,0.85,0.6181818181818183,0.5234684725346429,0.5892838385288501,0.6981285345984866,strict,0,seek_data_v3_deep_enhanced/results/mediumcase/Mixed/Mixed_medium_01/GAT_Analysis/findings.json
Mixed_medium_01,CDHC,CDHC,0.22857142857142856,0.4,0.2909090909090909,0.1925279166666667,0.8211996265494631,0.8884482704124144,strict,0,seek_data_v3_deep_enhanced/results/mediumcase/Mixed/Mixed_medium_01/CDHC_Analysis/findings.json
Mixed_medium_01,IF-PDAG,IF-PDAG,0.34285714285714286,0.6,0.43636363636363634,0.6,0.9558295932317544,0.9558295932317544,strict,0,seek_data_v3_deep_enhanced/results/mediumcase/Mixed/Mixed_medium_01/IF-PDAG_Analysis/findings.json
Mixed_medium_01,GATE,GATE,0.5428571428571428,0.95,0.6909090909090908,0.7413714328837104,0.5854010501841501,0.8084343698647125,strict,0,seek_data_v3_deep_enhanced/results/mediumcase/Mixed/Mixed_medium_01/GATE_Analysis/findings.json
Mixed_medium_01,DistMult,DistMult,0.42857142857142855,0.75,0.5454545454545454,0.7061935598511927,0.9006785076423862,0.9581825287291164,strict,0,seek_data_v3_deep_enhanced/results/mediumcase/Mixed/Mixed_medium_01/DistMult_Analysis/findings.json
Mixed_medium_01,NOTEARS,NOTEARS,0.5714285714285714,1.0,0.7272727272727273,0.45830080519671,0.5030935412768761,0.5809696377024793,strict,0,seek_data_v3_deep_enhanced/results/mediumcase/Mixed/Mixed_medium_01/NOTEARS_Analysis/findings.json
Mixed_medium_01,GES,GES,0.5142857142857142,0.9,0.6545454545454545,0.47538295642969924,0.4147622099791929,0.5470537213065174,strict,0,seek_data_v3_deep_enhanced/results/mediumcase/Mixed/Mixed_medium_01/GES_Analysis/findings.json
Mixed_medium_01,GOLEM,GOLEM,0.5142857142857142,0.9,0.6545454545454545,0.6161068405386019,0.7460496212852282,0.9036003801903157,strict,0,seek_data_v3_deep_enhanced/results/mediumcase/Mixed/Mixed_medium_01/GOLEM_Analysis/findings.json
Mixed_medium_01,PC-VGAE,PCVGAE,0.48,0.6,0.5333333333333332,0.5256697180548167,0.8096701010017286,0.8692150678042834,strict,0,seek_data_v3_deep_enhanced/results/mediumcase/Mixed/Mixed_medium_01/PCVGAE_Analysis/1_Final_Results/pc_pcvgae_audit/final_aggregated_uncertainty_map.json
Mixed_medium_01,PC-GATE,PCGATE,0.56,0.7,0.6222222222222222,0.5375694851099033,0.7045141871987675,0.8543344968699342,strict,0,seek_data_v3_deep_enhanced/results/mediumcase/Mixed/Mixed_medium_01/PCGATE_Analysis/1_Final_Results/pc_pcgate_audit/final_aggregated_uncertainty_map.json
Mixed_medium_02,CommonNeighbors,CommonNeighbors,0.6,0.9130434782608695,0.7241379310344828,0.6389949275431168,0.7702926660825063,0.9045660640425666,strict,0,seek_data_v3_deep_enhanced/results/mediumcase/Mixed/Mixed_medium_02/CommonNeighbors_Analysis/findings.json
Mixed_medium_02,Peter-Clark,Peter-Clark,0.8636363636363636,0.8260869565217391,0.8444444444444444,0.8104736372685596,0.8240391339668168,0.9196071957134379,strict,0,seek_data_v3_deep_enhanced/results/mediumcase/Mixed/Mixed_medium_02/Peter-Clark_Analysis/findings.json
Mixed_medium_02,GAT,GAT,0.5714285714285714,0.8695652173913043,0.689655172413793,0.4699943172209586,0.5886226454285692,0.769534537589465,strict,0,seek_data_v3_deep_enhanced/results/mediumcase/Mixed/Mixed_medium_02/GAT_Analysis/findings.json
Mixed_medium_02,CDHC,CDHC,0.4857142857142857,0.7391304347826086,0.5862068965517241,0.6521807392735143,0.7915966724808323,0.8982229917686949,strict,0,seek_data_v3_deep_enhanced/results/mediumcase/Mixed/Mixed_medium_02/CDHC_Analysis/findings.json
Mixed_medium_02,IF-PDAG,IF-PDAG,0.45714285714285713,0.6956521739130435,0.5517241379310345,0.5477645661873867,0.7239905617389232,0.8303352617651042,strict,0,seek_data_v3_deep_enhanced/results/mediumcase/Mixed/Mixed_medium_02/IF-PDAG_Analysis/findings.json
Mixed_medium_02,VGAE,VGAE,0.45714285714285713,0.6956521739130435,0.5517241379310345,0.4533012516166504,0.6977588400567918,0.8435098932338103,strict,0,seek_data_v3_deep_enhanced/results/mediumcase/Mixed/Mixed_medium_02/VGAE_Analysis/findings.json
Mixed_medium_02,GATE,GATE,0.6,0.9130434782608695,0.7241379310344828,0.7501954642142633,0.731236181802652,0.8326714579224407,strict,0,seek_data_v3_deep_enhanced/results/mediumcase/Mixed/Mixed_medium_02/GATE_Analysis/findings.json
Mixed_medium_02,DistMult,DistMult,0.6285714285714286,0.9565217391304348,0.7586206896551724,0.8867452668327815,0.5924077974610037,0.7438237650529639,strict,0,seek_data_v3_deep_enhanced/results/mediumcase/Mixed/Mixed_medium_02/DistMult_Analysis/findings.json
Mixed_medium_02,NOTEARS,NOTEARS,0.5428571428571428,0.8260869565217391,0.6551724137931034,0.5998388932951759,0.6372278860332186,0.7785736811793444,strict,0,seek_data_v3_deep_enhanced/results/mediumcase/Mixed/Mixed_medium_02/NOTEARS_Analysis/findings.json
Mixed_medium_02,GES,GES,0.6363636363636364,0.9130434782608695,0.75,0.8824219178639012,0.5889558406893214,0.7956457609615403,strict,0,seek_data_v3_deep_enhanced/results/mediumcase/Mixed/Mixed_medium_02/GES_Analysis/findings.json
Mixed_medium_02,GOLEM,GOLEM,0.5428571428571428,0.8260869565217391,0.6551724137931034,0.7121979116292444,0.7298870614003198,0.8689325600128859,strict,0,seek_data_v3_deep_enhanced/results/mediumcase/Mixed/Mixed_medium_02/GOLEM_Analysis/findings.json
Mixed_medium_02,PC-VGAE,PCVGAE,0.9523809523809523,0.8695652173913043,0.909090909090909,0.8625557578502872,0.773734513828218,0.8776884309380368,strict,0,seek_data_v3_deep_enhanced/results/mediumcase/Mixed/Mixed_medium_02/PCVGAE_Analysis/1_Final_Results/pc_pcvgae_audit/final_aggregated_uncertainty_map.json
Mixed_medium_02,PC-GATE,PCGATE,0.8461538461538461,0.9565217391304348,0.8979591836734695,0.9376471767813613,0.7834435295721565,0.8779218751633243,strict,0,seek_data_v3_deep_enhanced/results/mediumcase/Mixed/Mixed_medium_02/PCGATE_Analysis/1_Final_Results/pc_pcgate_audit/final_aggregated_uncertainty_map.json
Mixed_medium_03,CommonNeighbors,CommonNeighbors,0.5666666666666667,0.68,0.6181818181818183,0.4663742335442335,0.7915554104224973,0.8838951393587742,strict,0,seek_data_v3_deep_enhanced/results/mediumcase/Mixed/Mixed_medium_03/CommonNeighbors_Analysis/findings.json
Mixed_medium_03,Peter-Clark,Peter-Clark,0.6571428571428571,0.92,0.7666666666666667,0.8687641128992439,0.7796424165352411,0.8976383065192475,strict,0,seek_data_v3_deep_enhanced/results/mediumcase/Mixed/Mixed_medium_03/Peter-Clark_Analysis/findings.json
Mixed_medium_03,GAT,GAT,0.45714285714285713,0.64,0.5333333333333333,0.3241653649816191,0.4895581465940039,0.6587608380210118,strict,0,seek_data_v3_deep_enhanced/results/mediumcase/Mixed/Mixed_medium_03/GAT_Analysis/findings.json
Mixed_medium_03,CDHC,CDHC,0.4,0.56,0.4666666666666667,0.48472755079131397,0.7420884529441225,0.7996759809893145,strict,0,seek_data_v3_deep_enhanced/results/mediumcase/Mixed/Mixed_medium_03/CDHC_Analysis/findings.json
Mixed_medium_03,IF-PDAG,IF-PDAG,0.4857142857142857,0.68,0.5666666666666667,0.4774931934400918,0.6538479352874087,0.868338126484452,strict,0,seek_data_v3_deep_enhanced/results/mediumcase/Mixed/Mixed_medium_03/IF-PDAG_Analysis/findings.json
Mixed_medium_03,VGAE,VGAE,0.6571428571428571,0.92,0.7666666666666667,0.782437104190437,0.6126315696419508,0.7578409523013931,strict,0,seek_data_v3_deep_enhanced/results/mediumcase/Mixed/Mixed_medium_03/VGAE_Analysis/findings.json
Mixed_medium_03,GATE,GATE,0.6285714285714286,0.88,0.7333333333333334,0.8302703920664893,0.7393227571572376,0.8432766742670564,strict,0,seek_data_v3_deep_enhanced/results/mediumcase/Mixed/Mixed_medium_03/GATE_Analysis/findings.json
Mixed_medium_03,DistMult,DistMult,0.5428571428571428,0.76,0.6333333333333332,0.40193888234874947,0.44705388631285103,0.6264995599322769,strict,0,seek_data_v3_deep_enhanced/results/mediumcase/Mixed/Mixed_medium_03/DistMult_Analysis/findings.json
Mixed_medium_03,NOTEARS,NOTEARS,0.6285714285714286,0.88,0.7333333333333334,0.6746396438938175,0.596020774773548,0.7573876851808138,strict,0,seek_data_v3_deep_enhanced/results/mediumcase/Mixed/Mixed_medium_03/NOTEARS_Analysis/findings.json
Mixed_medium_03,GES,GES,0.6571428571428571,0.92,0.7666666666666667,0.6044042057439303,0.5214354573484501,0.7637137408585498,strict,0,seek_data_v3_deep_enhanced/results/mediumcase/Mixed/Mixed_medium_03/GES_Analysis/findings.json
Mixed_medium_03,GOLEM,GOLEM,0.6285714285714286,0.88,0.7333333333333334,0.764267656909256,0.7681928487628967,0.8121717072834145,strict,0,seek_data_v3_deep_enhanced/results/mediumcase/Mixed/Mixed_medium_03/GOLEM_Analysis/findings.json
Mixed_medium_03,PC-VGAE,PCVGAE,0.9166666666666666,0.88,0.8979591836734694,0.8792882972991553,0.8113276789333002,0.9081212311313595,strict,0,seek_data_v3_deep_enhanced/results/mediumcase/Mixed/Mixed_medium_03/PCVGAE_Analysis/1_Final_Results/pc_pcvgae_audit/final_aggregated_uncertainty_map.json
Mixed_medium_03,PC-GATE,PCGATE,0.8846153846153846,0.92,0.9019607843137256,0.9055660254756117,0.768275868762967,0.9004205972334172,strict,0,seek_data_v3_deep_enhanced/results/mediumcase/Mixed/Mixed_medium_03/PCGATE_Analysis/1_Final_Results/pc_pcgate_audit/final_aggregated_uncertainty_map.json
Mixed_medium_04,CommonNeighbors,CommonNeighbors,0.7428571428571429,0.8666666666666667,0.8,0.7575334415647834,0.671459626048652,0.8075996238235776,strict,0,seek_data_v3_deep_enhanced/results/mediumcase/Mixed/Mixed_medium_04/CommonNeighbors_Analysis/findings.json
Mixed_medium_04,Peter-Clark,Peter-Clark,0.9375,1.0,0.967741935483871,0.986447899589458,0.778625922579954,0.8975053295455717,strict,0,seek_data_v3_deep_enhanced/results/mediumcase/Mixed/Mixed_medium_04/Peter-Clark_Analysis/findings.json
Mixed_medium_04,GAT,GAT,0.7428571428571429,0.8666666666666667,0.8,0.780816142836064,0.7487782351728642,0.8661321026137649,strict,0,seek_data_v3_deep_enhanced/results/mediumcase/Mixed/Mixed_medium_04/GAT_Analysis/findings.json
Mixed_medium_04,CDHC,CDHC,0.5714285714285714,0.6666666666666666,0.6153846153846153,0.6024331747766124,0.796771593057289,0.850617162997872,strict,0,seek_data_v3_deep_enhanced/results/mediumcase/Mixed/Mixed_medium_04/CDHC_Analysis/findings.json
Mixed_medium_04,IF-PDAG,IF-PDAG,0.7142857142857143,0.8333333333333334,0.7692307692307692,0.7688236148617792,0.7548436981232085,0.8036583796963807,strict,0,seek_data_v3_deep_enhanced/results/mediumcase/Mixed/Mixed_medium_04/IF-PDAG_Analysis/findings.json
Mixed_medium_04,VGAE,VGAE,0.6857142857142857,0.8,0.7384615384615385,0.8,0.889929203493537,0.889929203493537,strict,0,seek_data_v3_deep_enhanced/results/mediumcase/Mixed/Mixed_medium_04/VGAE_Analysis/findings.json
Mixed_medium_04,GATE,GATE,0.8,0.9333333333333333,0.8615384615384616,0.8681868325543172,0.704734707769173,0.7904259016936939,strict,0,seek_data_v3_deep_enhanced/results/mediumcase/Mixed/Mixed_medium_04/GATE_Analysis/findings.json
Mixed_medium_04,DistMult,DistMult,0.7714285714285715,0.9,0.8307692307692307,0.7109346630512414,0.6910137595054358,0.7350458139445376,strict,0,seek_data_v3_deep_enhanced/results/mediumcase/Mixed/Mixed_medium_04/DistMult_Analysis/findings.json
Mixed_medium_04,NOTEARS,NOTEARS,0.8,0.9333333333333333,0.8615384615384616,0.7716460465095988,0.6147800264546884,0.7660203867295983,strict,0,seek_data_v3_deep_enhanced/results/mediumcase/Mixed/Mixed_medium_04/NOTEARS_Analysis/findings.json
Mixed_medium_04,GES,GES,0.8571428571428571,1.0,0.923076923076923,0.9938847543042413,0.6531562528086529,0.8303372712237281,strict,0,seek_data_v3_deep_enhanced/results/mediumcase/Mixed/Mixed_medium_04/GES_Analysis/findings.json
Mixed_medium_04,GOLEM,GOLEM,0.8571428571428571,1.0,0.923076923076923,0.9484895705047741,0.7345260180050136,0.8498231601244257,strict,0,seek_data_v3_deep_enhanced/results/mediumcase/Mixed/Mixed_medium_04/GOLEM_Analysis/findings.json
Mixed_medium_04,PC-VGAE,PCVGAE,0.9583333333333334,0.7666666666666667,0.8518518518518519,0.760789789160753,0.6859623113666007,0.8405915895147512,strict,0,seek_data_v3_deep_enhanced/results/mediumcase/Mixed/Mixed_medium_04/PCVGAE_Analysis/1_Final_Results/pc_pcvgae_audit/final_aggregated_uncertainty_map.json
Mixed_medium_04,PC-GATE,PCGATE,1,0.9666666666666667,0.983050847457627,0.9666666666666667,0.701983705979366,0.8489420257905462,strict,0,seek_data_v3_deep_enhanced/results/mediumcase/Mixed/Mixed_medium_04/PCGATE_Analysis/1_Final_Results/pc_pcgate_audit/final_aggregated_uncertainty_map.json
Mixed_medium_05,CommonNeighbors,CommonNeighbors,0.6285714285714286,0.8148148148148148,0.7096774193548386,0.6667236090624744,0.7081010218558423,0.8416466442121688,strict,0,seek_data_v3_deep_enhanced/results/mediumcase/Mixed/Mixed_medium_05/CommonNeighbors_Analysis/findings.json
Mixed_medium_05,Peter-Clark,Peter-Clark,0.7142857142857143,0.9259259259259259,0.8064516129032259,0.9056981136633534,0.6367831193476964,0.8751005168194202,strict,0,seek_data_v3_deep_enhanced/results/mediumcase/Mixed/Mixed_medium_05/Peter-Clark_Analysis/findings.json
Mixed_medium_05,GAT,GAT,0.7142857142857143,0.9259259259259259,0.8064516129032259,0.572272671140109,0.47719636494664813,0.5710154895415315,strict,0,seek_data_v3_deep_enhanced/results/mediumcase/Mixed/Mixed_medium_05/GAT_Analysis/findings.json
Mixed_medium_05,CDHC,CDHC,0.42857142857142855,0.5555555555555556,0.48387096774193544,0.254734507424326,0.7252497828343498,0.7827538039210798,strict,0,seek_data_v3_deep_enhanced/results/mediumcase/Mixed/Mixed_medium_05/CDHC_Analysis/findings.json
Mixed_medium_05,IF-PDAG,IF-PDAG,0.6,0.7777777777777778,0.6774193548387097,0.6267369264311416,0.443504574553104,0.49987142751405333,strict,0,seek_data_v3_deep_enhanced/results/mediumcase/Mixed/Mixed_medium_05/IF-PDAG_Analysis/findings.json
Mixed_medium_05,VGAE,VGAE,0.4,0.5185185185185185,0.45161290322580644,0.5044573800106713,0.8417771098923534,0.9143449410629736,strict,0,seek_data_v3_deep_enhanced/results/mediumcase/Mixed/Mixed_medium_05/VGAE_Analysis/findings.json
Mixed_medium_05,GATE,GATE,0.7428571428571429,0.9629629629629629,0.8387096774193549,0.945785545527857,0.7503359712972107,0.8528360680103031,strict,0,seek_data_v3_deep_enhanced/results/mediumcase/Mixed/Mixed_medium_05/GATE_Analysis/findings.json
Mixed_medium_05,DistMult,DistMult,0.6285714285714286,0.8148148148148148,0.7096774193548386,0.4649300186833664,0.33405144466421555,0.6288067150644113,strict,0,seek_data_v3_deep_enhanced/results/mediumcase/Mixed/Mixed_medium_05/DistMult_Analysis/findings.json
Mixed_medium_05,NOTEARS,NOTEARS,0.7142857142857143,0.9259259259259259,0.8064516129032259,0.8561268371499218,0.5923263977762816,0.7109739348583868,strict,0,seek_data_v3_deep_enhanced/results/mediumcase/Mixed/Mixed_medium_05/NOTEARS_Analysis/findings.json
Mixed_medium_05,GES,GES,0.7428571428571429,0.9629629629629629,0.8387096774193549,0.9279428181068634,0.5474697172690426,0.7198321386495842,strict,0,seek_data_v3_deep_enhanced/results/mediumcase/Mixed/Mixed_medium_05/GES_Analysis/findings.json
Mixed_medium_05,GOLEM,GOLEM,0.7142857142857143,0.9259259259259259,0.8064516129032259,0.8453851916135008,0.7181662891100666,0.7996525951349266,strict,0,seek_data_v3_deep_enhanced/results/mediumcase/Mixed/Mixed_medium_05/GOLEM_Analysis/findings.json
Mixed_medium_05,PC-VGAE,PCVGAE,0.9629629629629629,0.9629629629629629,0.9629629629629629,0.9626091109932907,0.6998310535351023,0.8845914321435993,strict,0,seek_data_v3_deep_enhanced/results/mediumcase/Mixed/Mixed_medium_05/PCVGAE_Analysis/1_Final_Results/pc_pcvgae_audit/final_aggregated_uncertainty_map.json
Mixed_medium_05,PC-GATE,PCGATE,0.9629629629629629,0.9629629629629629,0.9629629629629629,0.9425942190463247,0.6998310535351023,0.8343493649798422,strict,0,seek_data_v3_deep_enhanced/results/mediumcase/Mixed/Mixed_medium_05/PCGATE_Analysis/1_Final_Results/pc_pcgate_audit/final_aggregated_uncertainty_map.json
Mixed_medium_06,CommonNeighbors,CommonNeighbors,0.6857142857142857,0.9230769230769231,0.7868852459016394,0.8124462764186132,0.6559393429241562,0.8218252258958746,strict,0,seek_data_v3_deep_enhanced/results/mediumcase/Mixed/Mixed_medium_06/CommonNeighbors_Analysis/findings.json
Mixed_medium_06,Peter-Clark,Peter-Clark,0.6285714285714286,0.8461538461538461,0.721311475409836,0.7383318434711816,0.5993191415914497,0.7776245939906118,strict,0,seek_data_v3_deep_enhanced/results/mediumcase/Mixed/Mixed_medium_06/Peter-Clark_Analysis/findings.json
Mixed_medium_06,GAT,GAT,0.6857142857142857,0.9230769230769231,0.7868852459016394,0.6600729932314424,0.7044702403382896,0.7993165605181348,strict,0,seek_data_v3_deep_enhanced/results/mediumcase/Mixed/Mixed_medium_06/GAT_Analysis/findings.json
Mixed_medium_06,CDHC,CDHC,0.2857142857142857,0.38461538461538464,0.32786885245901637,0.27030064102564105,0.7945570282173817,0.7945570282173817,strict,0,seek_data_v3_deep_enhanced/results/mediumcase/Mixed/Mixed_medium_06/CDHC_Analysis/findings.json
Mixed_medium_06,IF-PDAG,IF-PDAG,0.5714285714285714,0.7692307692307693,0.6557377049180327,0.7425930521091811,0.7725665714262702,0.7725665714262702,strict,0,seek_data_v3_deep_enhanced/results/mediumcase/Mixed/Mixed_medium_06/IF-PDAG_Analysis/findings.json
Mixed_medium_06,VGAE,VGAE,0.42857142857142855,0.5769230769230769,0.4918032786885245,0.36501486730221877,0.6819322969458985,0.6819322969458985,strict,0,seek_data_v3_deep_enhanced/results/mediumcase/Mixed/Mixed_medium_06/VGAE_Analysis/findings.json
Mixed_medium_06,GATE,GATE,0.7428571428571429,1.0,0.8524590163934427,0.9849684297971775,0.7911377480069873,0.8420621876242123,strict,0,seek_data_v3_deep_enhanced/results/mediumcase/Mixed/Mixed_medium_06/GATE_Analysis/findings.json
Mixed_medium_06,DistMult,DistMult,0.5142857142857142,0.6923076923076923,0.5901639344262295,0.5233413659850769,0.684739484525633,0.7894072781831619,strict,0,seek_data_v3_deep_enhanced/results/mediumcase/Mixed/Mixed_medium_06/DistMult_Analysis/findings.json
Mixed_medium_06,NOTEARS,NOTEARS,0.7428571428571429,1.0,0.8524590163934427,0.5861186748854604,0.6003977339352083,0.818748672531505,strict,0,seek_data_v3_deep_enhanced/results/mediumcase/Mixed/Mixed_medium_06/NOTEARS_Analysis/findings.json
Mixed_medium_06,GES,GES,0.6285714285714286,0.8461538461538461,0.721311475409836,0.768786296497035,0.663966577056679,0.663966577056679,strict,0,seek_data_v3_deep_enhanced/results/mediumcase/Mixed/Mixed_medium_06/GES_Analysis/findings.json
Mixed_medium_06,GOLEM,GOLEM,0.7428571428571429,1.0,0.8524590163934427,0.7780106967615137,0.6739297857301931,0.8469911555887504,strict,0,seek_data_v3_deep_enhanced/results/mediumcase/Mixed/Mixed_medium_06/GOLEM_Analysis/findings.json
Mixed_medium_06,PC-VGAE,PCVGAE,0.8214285714285714,0.8846153846153846,0.8518518518518519,0.8619976338517494,0.6726556777210759,0.8259025173860397,strict,0,seek_data_v3_deep_enhanced/results/mediumcase/Mixed/Mixed_medium_06/PCVGAE_Analysis/1_Final_Results/pc_pcvgae_audit/final_aggregated_uncertainty_map.json
Mixed_medium_06,PC-GATE,PCGATE,0.8333333333333334,0.7692307692307693,0.8,0.7645492949349351,0.7183581921124436,0.8300568624527215,strict,0,seek_data_v3_deep_enhanced/results/mediumcase/Mixed/Mixed_medium_06/PCGATE_Analysis/1_Final_Results/pc_pcgate_audit/final_aggregated_uncertainty_map.json
Mixed_medium_07,CommonNeighbors,CommonNeighbors,0.7714285714285715,0.9642857142857143,0.8571428571428572,0.8264562467891391,0.5383828514412404,0.7272418149824518,strict,0,seek_data_v3_deep_enhanced/results/mediumcase/Mixed/Mixed_medium_07/CommonNeighbors_Analysis/findings.json
Mixed_medium_07,Peter-Clark,Peter-Clark,0.7428571428571429,0.9285714285714286,0.8253968253968255,0.9096467420355321,0.6226195925415606,0.7273896020993688,strict,0,seek_data_v3_deep_enhanced/results/mediumcase/Mixed/Mixed_medium_07/Peter-Clark_Analysis/findings.json
Mixed_medium_07,GAT,GAT,0.6571428571428571,0.8214285714285714,0.73015873015873,0.6871240998813039,0.6194181491123012,0.7681617145262176,strict,0,seek_data_v3_deep_enhanced/results/mediumcase/Mixed/Mixed_medium_07/GAT_Analysis/findings.json
Mixed_medium_07,CDHC,CDHC,0.4857142857142857,0.6071428571428571,0.5396825396825397,0.4503247023809524,0.7748248586952255,0.8924951102156427,strict,0,seek_data_v3_deep_enhanced/results/mediumcase/Mixed/Mixed_medium_07/CDHC_Analysis/findings.json
Mixed_medium_07,IF-PDAG,IF-PDAG,0.5428571428571428,0.6785714285714286,0.603174603174603,0.6646444840244784,0.892210845475489,0.892210845475489,strict,0,seek_data_v3_deep_enhanced/results/mediumcase/Mixed/Mixed_medium_07/IF-PDAG_Analysis/findings.json
Mixed_medium_07,VGAE,VGAE,0.45714285714285713,0.5714285714285714,0.5079365079365079,0.22882940225891382,0.5135285497500328,0.6131329537968179,strict,0,seek_data_v3_deep_enhanced/results/mediumcase/Mixed/Mixed_medium_07/VGAE_Analysis/findings.json
Mixed_medium_07,GATE,GATE,0.7714285714285715,0.9642857142857143,0.8571428571428572,0.8667321615374505,0.40853591842579556,0.7083788549889917,strict,0,seek_data_v3_deep_enhanced/results/mediumcase/Mixed/Mixed_medium_07/GATE_Analysis/findings.json
Mixed_medium_07,DistMult,DistMult,0.7428571428571429,0.9285714285714286,0.8253968253968255,0.8647507111756862,0.43247310596018385,0.6778936909988182,strict,0,seek_data_v3_deep_enhanced/results/mediumcase/Mixed/Mixed_medium_07/DistMult_Analysis/findings.json
Mixed_medium_07,NOTEARS,NOTEARS,0.8,1.0,0.888888888888889,0.9284317075402434,0.6143014257672537,0.7466366686627272,strict,0,seek_data_v3_deep_enhanced/results/mediumcase/Mixed/Mixed_medium_07/NOTEARS_Analysis/findings.json
Mixed_medium_07,GES,GES,0.8,1.0,0.888888888888889,0.9622254281108202,0.5164059200154304,0.6355901640647325,strict,0,seek_data_v3_deep_enhanced/results/mediumcase/Mixed/Mixed_medium_07/GES_Analysis/findings.json
Mixed_medium_07,GOLEM,GOLEM,0.8,1.0,0.888888888888889,0.9843260740337745,0.7781206824862938,0.8309014318335732,strict,0,seek_data_v3_deep_enhanced/results/mediumcase/Mixed/Mixed_medium_07/GOLEM_Analysis/findings.json
Mixed_medium_07,PC-VGAE,PCVGAE,0.896551724137931,0.9285714285714286,0.912280701754386,0.9285714285714286,0.76075668812226,0.8392309703933665,strict,0,seek_data_v3_deep_enhanced/results/mediumcase/Mixed/Mixed_medium_07/PCVGAE_Analysis/1_Final_Results/pc_pcvgae_audit/final_aggregated_uncertainty_map.json
Mixed_medium_07,PC-GATE,PCGATE,0.9285714285714286,0.9285714285714286,0.9285714285714286,0.9285714285714286,0.76075668812226,0.8392309703933665,strict,0,seek_data_v3_deep_enhanced/results/mediumcase/Mixed/Mixed_medium_07/PCGATE_Analysis/1_Final_Results/pc_pcgate_audit/final_aggregated_uncertainty_map.json
Mixed_medium_08,CommonNeighbors,CommonNeighbors,0.7142857142857143,0.9259259259259259,0.8064516129032259,0.5984777456182251,0.5182938200966022,0.5182938200966022,strict,0,seek_data_v3_deep_enhanced/results/mediumcase/Mixed/Mixed_medium_08/CommonNeighbors_Analysis/findings.json
Mixed_medium_08,Peter-Clark,Peter-Clark,0.6857142857142857,0.8888888888888888,0.7741935483870968,0.873068834325895,0.7291334605814378,0.8278433682745995,strict,0,seek_data_v3_deep_enhanced/results/mediumcase/Mixed/Mixed_medium_08/Peter-Clark_Analysis/findings.json
Mixed_medium_08,GAT,GAT,0.7714285714285715,1.0,0.870967741935484,0.6665228326660569,0.5003407917382475,0.6721164537320986,strict,0,seek_data_v3_deep_enhanced/results/mediumcase/Mixed/Mixed_medium_08/GAT_Analysis/findings.json
Mixed_medium_08,CDHC,CDHC,0.34285714285714286,0.4444444444444444,0.3870967741935484,0.3424472222222222,0.8294203610382851,0.8294203610382851,strict,0,seek_data_v3_deep_enhanced/results/mediumcase/Mixed/Mixed_medium_08/CDHC_Analysis/findings.json
Mixed_medium_08,IF-PDAG,IF-PDAG,0.5142857142857142,0.6666666666666666,0.5806451612903226,0.6510965299559132,0.9083745556952364,0.9083745556952364,strict,0,seek_data_v3_deep_enhanced/results/mediumcase/Mixed/Mixed_medium_08/IF-PDAG_Analysis/findings.json
Mixed_medium_08,VGAE,VGAE,0.6857142857142857,0.8888888888888888,0.7741935483870968,0.7319505403871848,0.4892027270164523,0.7566959932893795,strict,0,seek_data_v3_deep_enhanced/results/mediumcase/Mixed/Mixed_medium_08/VGAE_Analysis/findings.json
Mixed_medium_08,GATE,GATE,0.6,0.7777777777777778,0.6774193548387097,0.5896194111561924,0.4530643748551538,0.601533424033126,strict,0,seek_data_v3_deep_enhanced/results/mediumcase/Mixed/Mixed_medium_08/GATE_Analysis/findings.json
Mixed_medium_08,DistMult,DistMult,0.6,0.7777777777777778,0.6774193548387097,0.6741454004485714,0.7659688800453786,0.8503537848190192,strict,0,seek_data_v3_deep_enhanced/results/mediumcase/Mixed/Mixed_medium_08/DistMult_Analysis/findings.json
Mixed_medium_08,NOTEARS,NOTEARS,0.7714285714285715,1.0,0.870967741935484,0.7018661606836472,0.5690981787508962,0.8042422981364652,strict,0,seek_data_v3_deep_enhanced/results/mediumcase/Mixed/Mixed_medium_08/NOTEARS_Analysis/findings.json
Mixed_medium_08,GES,GES,0.7142857142857143,0.9259259259259259,0.8064516129032259,0.8211826129822634,0.4697557950008693,0.6677244146725645,strict,0,seek_data_v3_deep_enhanced/results/mediumcase/Mixed/Mixed_medium_08/GES_Analysis/findings.json
Mixed_medium_08,GOLEM,GOLEM,0.7142857142857143,0.9259259259259259,0.8064516129032259,0.8302643654004229,0.8256815323846426,0.872770613298897,strict,0,seek_data_v3_deep_enhanced/results/mediumcase/Mixed/Mixed_medium_08/GOLEM_Analysis/findings.json
Mixed_medium_08,PC-VGAE,PCVGAE,0.96,0.8888888888888888,0.923076923076923,0.8808821710152493,0.7775541541447762,0.8850631882747201,strict,0,seek_data_v3_deep_enhanced/results/mediumcase/Mixed/Mixed_medium_08/PCVGAE_Analysis/1_Final_Results/pc_pcvgae_audit/final_aggregated_uncertainty_map.json
Mixed_medium_08,PC-GATE,PCGATE,1.0,0.8888888888888888,0.9411764705882353,0.8888888888888888,0.8367597250300389,0.8986422943869955,strict,0,seek_data_v3_deep_enhanced/results/mediumcase/Mixed/Mixed_medium_08/PCGATE_Analysis/1_Final_Results/pc_pcgate_audit/final_aggregated_uncertainty_map.json
Mixed_medium_09,CommonNeighbors,CommonNeighbors,0.5428571428571428,0.8636363636363636,0.6666666666666666,0.43645852693710163,0.5027212122249773,0.6060430291971527,strict,0,seek_data_v3_deep_enhanced/results/mediumcase/Mixed/Mixed_medium_09/CommonNeighbors_Analysis/findings.json
Mixed_medium_09,Peter-Clark,Peter-Clark,0.47058823529411764,0.7272727272727273,0.5714285714285714,0.6716420397204661,0.7379875917929348,0.8872611182110065,strict,0,seek_data_v3_deep_enhanced/results/mediumcase/Mixed/Mixed_medium_09/Peter-Clark_Analysis/findings.json
Mixed_medium_09,GAT,GAT,0.6,0.9545454545454546,0.7368421052631579,0.826005474661686,0.6977511431953382,0.801705060305157,strict,0,seek_data_v3_deep_enhanced/results/mediumcase/Mixed/Mixed_medium_09/GAT_Analysis/findings.json
Mixed_medium_09,CDHC,CDHC,0.4,0.6363636363636364,0.4912280701754386,0.5387319493006992,0.8092587719171304,0.8092587719171304,strict,0,seek_data_v3_deep_enhanced/results/mediumcase/Mixed/Mixed_medium_09/CDHC_Analysis/findings.json
Mixed_medium_09,IF-PDAG,IF-PDAG,0.45714285714285713,0.7272727272727273,0.5614035087719298,0.5547225217083803,0.6325414799409711,0.8275175873757685,strict,0,seek_data_v3_deep_enhanced/results/mediumcase/Mixed/Mixed_medium_09/IF-PDAG_Analysis/findings.json
Mixed_medium_09,VGAE,VGAE,0.5428571428571428,0.8636363636363636,0.6666666666666666,0.6809604946182716,0.5920248551012779,0.6458374168902182,strict,0,seek_data_v3_deep_enhanced/results/mediumcase/Mixed/Mixed_medium_09/VGAE_Analysis/findings.json
Mixed_medium_09,GATE,GATE,0.5714285714285714,0.9090909090909091,0.7017543859649122,0.7713343043299673,0.6526580323605734,0.7830540863621387,strict,0,seek_data_v3_deep_enhanced/results/mediumcase/Mixed/Mixed_medium_09/GATE_Analysis/findings.json
Mixed_medium_09,DistMult,DistMult,0.5428571428571428,0.8636363636363636,0.6666666666666666,0.7794521169326758,0.71449126004889,0.8256803453343168,strict,0,seek_data_v3_deep_enhanced/results/mediumcase/Mixed/Mixed_medium_09/DistMult_Analysis/findings.json
Mixed_medium_09,NOTEARS,NOTEARS,0.5142857142857142,0.8181818181818182,0.6315789473684209,0.4582955552540573,0.5989229411779985,0.7318184524565381,strict,0,seek_data_v3_deep_enhanced/results/mediumcase/Mixed/Mixed_medium_09/NOTEARS_Analysis/findings.json
Mixed_medium_09,GES,GES,0.5714285714285714,0.9090909090909091,0.7017543859649122,0.7962863657177431,0.5618343958827733,0.6193384169695034,strict,0,seek_data_v3_deep_enhanced/results/mediumcase/Mixed/Mixed_medium_09/GES_Analysis/findings.json
Mixed_medium_09,GOLEM,GOLEM,0.5142857142857142,0.8181818181818182,0.6315789473684209,0.6713780624738839,0.6924706989331181,0.7839175883299337,strict,0,seek_data_v3_deep_enhanced/results/mediumcase/Mixed/Mixed_medium_09/GOLEM_Analysis/findings.json
Mixed_medium_09,PC-VGAE,PCVGAE,0.7307692307692307,0.8636363636363636,0.7916666666666666,0.7891457962723828,0.6494378170963163,0.7660133407030199,strict,0,seek_data_v3_deep_enhanced/results/mediumcase/Mixed/Mixed_medium_09/PCVGAE_Analysis/1_Final_Results/pc_pcvgae_audit/final_aggregated_uncertainty_map.json
Mixed_medium_09,PC-GATE,PCGATE,0.7619047619047619,0.7272727272727273,0.7441860465116279,0.7108197945416482,0.7769405826712577,0.850972427180026,strict,0,seek_data_v3_deep_enhanced/results/mediumcase/Mixed/Mixed_medium_09/PCGATE_Analysis/1_Final_Results/pc_pcgate_audit/final_aggregated_uncertainty_map.json
Mixed_medium_10,CommonNeighbors,CommonNeighbors,0.6571428571428571,0.92,0.7666666666666667,0.5989863225272548,0.6020981083549601,0.6908662016399494,strict,0,seek_data_v3_deep_enhanced/results/mediumcase/Mixed/Mixed_medium_10/CommonNeighbors_Analysis/findings.json
Mixed_medium_10,Peter-Clark,Peter-Clark,0.7096774193548387,0.88,0.7857142857142856,0.7550425381266703,0.6690895865127952,0.9128956426131466,strict,0,seek_data_v3_deep_enhanced/results/mediumcase/Mixed/Mixed_medium_10/Peter-Clark_Analysis/findings.json
Mixed_medium_10,GAT,GAT,0.5428571428571428,0.76,0.6333333333333332,0.47385780762295054,0.6357161208676633,0.7678689067008118,strict,0,seek_data_v3_deep_enhanced/results/mediumcase/Mixed/Mixed_medium_10/GAT_Analysis/findings.json
Mixed_medium_10,CDHC,CDHC,0.34285714285714286,0.48,0.39999999999999997,0.38996356818181815,0.7760055754488183,0.8589813035339374,strict,0,seek_data_v3_deep_enhanced/results/mediumcase/Mixed/Mixed_medium_10/CDHC_Analysis/findings.json
Mixed_medium_10,IF-PDAG,IF-PDAG,0.6285714285714286,0.88,0.7333333333333334,0.7753416103855885,0.8476377615668002,0.8983687986350747,strict,0,seek_data_v3_deep_enhanced/results/mediumcase/Mixed/Mixed_medium_10/IF-PDAG_Analysis/findings.json
Mixed_medium_10,VGAE,VGAE,0.5428571428571428,0.76,0.6333333333333332,0.2595664890998295,0.27642602007664024,0.6339054358221301,strict,0,seek_data_v3_deep_enhanced/results/mediumcase/Mixed/Mixed_medium_10/VGAE_Analysis/findings.json
Mixed_medium_10,GATE,GATE,0.7142857142857143,1.0,0.8333333333333333,0.904073140136927,0.7430803766854986,0.7918950582586709,strict,0,seek_data_v3_deep_enhanced/results/mediumcase/Mixed/Mixed_medium_10/GATE_Analysis/findings.json
Mixed_medium_10,DistMult,DistMult,0.42857142857142855,0.6,0.5,0.37335307444769905,0.6706731348222906,0.7679036468568459,strict,0,seek_data_v3_deep_enhanced/results/mediumcase/Mixed/Mixed_medium_10/DistMult_Analysis/findings.json
Mixed_medium_10,NOTEARS,NOTEARS,0.6285714285714286,0.88,0.7333333333333334,0.624975448623223,0.6400770735406078,0.7706866477550275,strict,0,seek_data_v3_deep_enhanced/results/mediumcase/Mixed/Mixed_medium_10/NOTEARS_Analysis/findings.json
Mixed_medium_10,GES,GES,0.6857142857142857,0.96,0.7999999999999999,0.7697029128271151,0.5507767593603748,0.7192681188828233,strict,0,seek_data_v3_deep_enhanced/results/mediumcase/Mixed/Mixed_medium_10/GES_Analysis/findings.json
Mixed_medium_10,GOLEM,GOLEM,0.6285714285714286,0.88,0.7333333333333334,0.7132618134646164,0.6204094900949358,0.7926485943064484,strict,0,seek_data_v3_deep_enhanced/results/mediumcase/Mixed/Mixed_medium_10/GOLEM_Analysis/findings.json
Mixed_medium_10,PC-VGAE,PCVGAE,0.84,0.84,0.8399999999999999,0.7662353148782991,0.8124641440522241,0.8624691570954378,strict,0,seek_data_v3_deep_enhanced/results/mediumcase/Mixed/Mixed_medium_10/PCVGAE_Analysis/1_Final_Results/pc_pcvgae_audit/final_aggregated_uncertainty_map.json
Mixed_medium_10,PC-GATE,PCGATE,0.8333333333333334,0.8,0.816326530612245,0.76,0.8726259386206936,0.8726259386206936,strict,0,seek_data_v3_deep_enhanced/results/mediumcase/Mixed/Mixed_medium_10/PCGATE_Analysis/1_Final_Results/pc_pcgate_audit/final_aggregated_uncertainty_map.json
Mixed_medium_11,CommonNeighbors,CommonNeighbors,0.5428571428571428,0.8636363636363636,0.6666666666666666,0.3095401679203149,0.4630761044747209,0.6033947040358848,strict,0,seek_data_v3_deep_enhanced/results/mediumcase/Mixed/Mixed_medium_11/CommonNeighbors_Analysis/findings.json
Mixed_medium_11,Peter-Clark,Peter-Clark,0.72,0.8181818181818182,0.7659574468085107,0.7981561078077477,0.8321418991204127,0.9576559966156554,strict,0,seek_data_v3_deep_enhanced/results/mediumcase/Mixed/Mixed_medium_11/Peter-Clark_Analysis/findings.json
Mixed_medium_11,GAT,GAT,0.45714285714285713,0.7272727272727273,0.5614035087719298,0.29335299335497544,0.46036903266842816,0.46036903266842816,strict,0,seek_data_v3_deep_enhanced/results/mediumcase/Mixed/Mixed_medium_11/GAT_Analysis/findings.json
Mixed_medium_11,CDHC,CDHC,0.2571428571428571,0.4090909090909091,0.31578947368421045,0.28118269794721407,0.892210845475489,0.892210845475489,strict,0,seek_data_v3_deep_enhanced/results/mediumcase/Mixed/Mixed_medium_11/CDHC_Analysis/findings.json
Mixed_medium_11,IF-PDAG,IF-PDAG,0.34285714285714286,0.5454545454545454,0.42105263157894735,0.3239217015127618,0.5809949937791563,0.6522302991230341,strict,0,seek_data_v3_deep_enhanced/results/mediumcase/Mixed/Mixed_medium_11/IF-PDAG_Analysis/findings.json
Mixed_medium_11,VGAE,VGAE,0.4857142857142857,0.7727272727272727,0.5964912280701754,0.7528241295232014,0.9072018524652612,0.9072018524652612,strict,0,seek_data_v3_deep_enhanced/results/mediumcase/Mixed/Mixed_medium_11/VGAE_Analysis/findings.json
Mixed_medium_11,GATE,GATE,0.6,0.9545454545454546,0.7368421052631579,0.8846970811423005,0.7945107778771693,0.8413344325766748,strict,0,seek_data_v3_deep_enhanced/results/mediumcase/Mixed/Mixed_medium_11/GATE_Analysis/findings.json
Mixed_medium_11,DistMult,DistMult,0.45714285714285713,0.7272727272727273,0.5614035087719298,0.6118668064958404,0.5766405527108873,0.7534123248053815,strict,0,seek_data_v3_deep_enhanced/results/mediumcase/Mixed/Mixed_medium_11/DistMult_Analysis/findings.json
Mixed_medium_11,NOTEARS,NOTEARS,0.5142857142857142,0.8181818181818182,0.6315789473684209,0.6147362613349945,0.6357161208676633,0.8041522253866994,strict,0,seek_data_v3_deep_enhanced/results/mediumcase/Mixed/Mixed_medium_11/NOTEARS_Analysis/findings.json
Mixed_medium_11,GES,GES,0.6451612903225806,0.9090909090909091,0.7547169811320754,0.8661759236063918,0.7072564343245055,0.8369796826881281,strict,0,seek_data_v3_deep_enhanced/results/mediumcase/Mixed/Mixed_medium_11/GES_Analysis/findings.json
Mixed_medium_11,GOLEM,GOLEM,0.5142857142857142,0.8181818181818182,0.6315789473684209,0.7391826495980142,0.7161353919624498,0.8416909153700753,strict,0,seek_data_v3_deep_enhanced/results/mediumcase/Mixed/Mixed_medium_11/GOLEM_Analysis/findings.json
Mixed_medium_11,PC-VGAE,PCVGAE,0.76,0.8636363636363636,0.8085106382978724,0.8498707907724841,0.8449676756845437,0.8896204858579623,strict,0,seek_data_v3_deep_enhanced/results/mediumcase/Mixed/Mixed_medium_11/PCVGAE_Analysis/1_Final_Results/pc_pcvgae_audit/final_aggregated_uncertainty_map.json
Mixed_medium_11,PC-GATE,PCGATE,0.8095238095238095,0.7727272727272727,0.7906976744186046,0.7727272727272727,0.8946423541733076,0.8946423541733076,strict,0,seek_data_v3_deep_enhanced/results/mediumcase/Mixed/Mixed_medium_11/PCGATE_Analysis/1_Final_Results/pc_pcgate_audit/final_aggregated_uncertainty_map.json
Mixed_medium_12,CommonNeighbors,CommonNeighbors,0.7142857142857143,0.9615384615384616,0.819672131147541,0.7412336751641502,0.6829032531094175,0.8118247856691925,strict,0,seek_data_v3_deep_enhanced/results/mediumcase/Mixed/Mixed_medium_12/CommonNeighbors_Analysis/findings.json
Mixed_medium_12,Peter-Clark,Peter-Clark,0.6571428571428571,0.8846153846153846,0.7540983606557377,0.7237320121412145,0.539003131276382,0.7127744287099342,strict,0,seek_data_v3_deep_enhanced/results/mediumcase/Mixed/Mixed_medium_12/Peter-Clark_Analysis/findings.json
Mixed_medium_12,GAT,GAT,0.5428571428571428,0.7307692307692307,0.6229508196721311,0.599110283915671,0.6847005128747189,0.7985713869223984,strict,0,seek_data_v3_deep_enhanced/results/mediumcase/Mixed/Mixed_medium_12/GAT_Analysis/findings.json
Mixed_medium_12,CDHC,CDHC,0.45714285714285713,0.6153846153846154,0.5245901639344263,0.39309249273911573,0.6969383549984329,0.7507839249390161,strict,0,seek_data_v3_deep_enhanced/results/mediumcase/Mixed/Mixed_medium_12/CDHC_Analysis/findings.json
Mixed_medium_12,IF-PDAG,IF-PDAG,0.5714285714285714,0.7692307692307693,0.6557377049180327,0.6923076923076923,0.8604100117710288,0.8604100117710288,strict,0,seek_data_v3_deep_enhanced/results/mediumcase/Mixed/Mixed_medium_12/IF-PDAG_Analysis/findings.json
Mixed_medium_12,VGAE,VGAE,0.6571428571428571,0.8846153846153846,0.7540983606557377,0.7884669188895566,0.7477007730656751,0.8040676260266245,strict,0,seek_data_v3_deep_enhanced/results/mediumcase/Mixed/Mixed_medium_12/VGAE_Analysis/findings.json
Mixed_medium_12,GATE,GATE,0.7142857142857143,0.9615384615384616,0.819672131147541,0.871385444391869,0.8144972059938297,0.8642250137704547,strict,0,seek_data_v3_deep_enhanced/results/mediumcase/Mixed/Mixed_medium_12/GATE_Analysis/findings.json
Mixed_medium_12,DistMult,DistMult,0.6285714285714286,0.8461538461538461,0.721311475409836,0.7662503608909363,0.7647939729301819,0.8266765422871385,strict,0,seek_data_v3_deep_enhanced/results/mediumcase/Mixed/Mixed_medium_12/DistMult_Analysis/findings.json
Mixed_medium_12,NOTEARS,NOTEARS,0.6285714285714286,0.8461538461538461,0.721311475409836,0.3688276497153857,0.6208463984355759,0.6208463984355759,strict,0,seek_data_v3_deep_enhanced/results/mediumcase/Mixed/Mixed_medium_12/NOTEARS_Analysis/findings.json
Mixed_medium_12,GES,GES,0.6571428571428571,0.8846153846153846,0.7540983606557377,0.7308071215281734,0.6399453854227659,0.6399453854227659,strict,0,seek_data_v3_deep_enhanced/results/mediumcase/Mixed/Mixed_medium_12/GES_Analysis/findings.json
Mixed_medium_12,GOLEM,GOLEM,0.7428571428571429,1.0,0.8524590163934427,0.717258936176747,0.71753682174946,0.9043223347286313,strict,0,seek_data_v3_deep_enhanced/results/mediumcase/Mixed/Mixed_medium_12/GOLEM_Analysis/findings.json
Mixed_medium_12,PC-VGAE,PCVGAE,0.7407407407407407,0.7692307692307693,0.7547169811320754,0.6923076923076923,0.9143656167316336,0.9143656167316336,strict,0,seek_data_v3_deep_enhanced/results/mediumcase/Mixed/Mixed_medium_12/PCVGAE_Analysis/1_Final_Results/pc_pcvgae_audit/final_aggregated_uncertainty_map.json
Mixed_medium_12,PC-GATE,PCGATE,0.7692307692307693,0.7692307692307693,0.7692307692307693,0.6923076923076923,0.9143656167316336,0.9143656167316336,strict,0,seek_data_v3_deep_enhanced/results/mediumcase/Mixed/Mixed_medium_12/PCGATE_Analysis/1_Final_Results/pc_pcgate_audit/final_aggregated_uncertainty_map.json
Mixed_medium_13,CommonNeighbors,CommonNeighbors,0.7142857142857143,0.9259259259259259,0.8064516129032259,0.868649744338219,0.7780292383391125,0.8622016673138191,strict,0,seek_data_v3_deep_enhanced/results/mediumcase/Mixed/Mixed_medium_13/CommonNeighbors_Analysis/findings.json
Mixed_medium_13,Peter-Clark,Peter-Clark,0.6285714285714286,0.8148148148148148,0.7096774193548386,0.7486141421362206,0.557331966074693,0.6591804948755641,strict,0,seek_data_v3_deep_enhanced/results/mediumcase/Mixed/Mixed_medium_13/Peter-Clark_Analysis/findings.json
Mixed_medium_13,GAT,GAT,0.7142857142857143,0.9259259259259259,0.8064516129032259,0.7707734240728906,0.644449538332026,0.9137887796145225,strict,0,seek_data_v3_deep_enhanced/results/mediumcase/Mixed/Mixed_medium_13/GAT_Analysis/findings.json
Mixed_medium_13,CDHC,CDHC,0.42857142857142855,0.5555555555555556,0.48387096774193544,0.4021296658581551,0.7031119040947158,0.7569244658836563,strict,0,seek_data_v3_deep_enhanced/results/mediumcase/Mixed/Mixed_medium_13/CDHC_Analysis/findings.json
Mixed_medium_13,IF-PDAG,IF-PDAG,0.6285714285714286,0.8148148148148148,0.7096774193548386,0.8146759259259259,0.743888927971365,0.8199435094243386,strict,0,seek_data_v3_deep_enhanced/results/mediumcase/Mixed/Mixed_medium_13/IF-PDAG_Analysis/findings.json
Mixed_medium_13,VGAE,VGAE,0.6571428571428571,0.8518518518518519,0.7419354838709677,0.8495820880281423,0.8856743530789827,0.9410061704583111,strict,0,seek_data_v3_deep_enhanced/results/mediumcase/Mixed/Mixed_medium_13/VGAE_Analysis/findings.json
Mixed_medium_13,GATE,GATE,0.7714285714285715,1.0,0.870967741935484,0.9724299616303054,0.6980517583451745,0.7999716690595852,strict,0,seek_data_v3_deep_enhanced/results/mediumcase/Mixed/Mixed_medium_13/GATE_Analysis/findings.json
Mixed_medium_13,DistMult,DistMult,0.6,0.7777777777777778,0.6774193548387097,0.7130577726186978,0.6852329531118063,0.8044171971611085,strict,0,seek_data_v3_deep_enhanced/results/mediumcase/Mixed/Mixed_medium_13/DistMult_Analysis/findings.json
Mixed_medium_13,NOTEARS,NOTEARS,0.7714285714285715,1.0,0.870967741935484,0.7682351590576888,0.6096134923125662,0.8173436960261968,strict,0,seek_data_v3_deep_enhanced/results/mediumcase/Mixed/Mixed_medium_13/NOTEARS_Analysis/findings.json
Mixed_medium_13,GES,GES,0.6285714285714286,0.8148148148148148,0.7096774193548386,0.7303143079904688,0.4845106404041036,0.6106921982292223,strict,0,seek_data_v3_deep_enhanced/results/mediumcase/Mixed/Mixed_medium_13/GES_Analysis/findings.json
Mixed_medium_13,GOLEM,GOLEM,0.7142857142857143,0.9259259259259259,0.8064516129032259,0.8331699041843137,0.7717904250772537,0.8211446444307361,strict,0,seek_data_v3_deep_enhanced/results/mediumcase/Mixed/Mixed_medium_13/GOLEM_Analysis/findings.json
Mixed_medium_13,PC-VGAE,PCVGAE,0.8928571428571429,0.9259259259259259,0.9090909090909091,0.8990697096722317,0.6901409390947705,0.8350758998237996,strict,0,seek_data_v3_deep_enhanced/results/mediumcase/Mixed/Mixed_medium_13/PCVGAE_Analysis/1_Final_Results/pc_pcvgae_audit/final_aggregated_uncertainty_map.json
Mixed_medium_13,PC-GATE,PCGATE,0.88,0.8148148148148148,0.8461538461538461,0.8109260880140337,0.7931514993105993,0.8507390273557912,strict,0,seek_data_v3_deep_enhanced/results/mediumcase/Mixed/Mixed_medium_13/PCGATE_Analysis/1_Final_Results/pc_pcgate_audit/final_aggregated_uncertainty_map.json
Mixed_medium_14,CommonNeighbors,CommonNeighbors,0.7142857142857143,0.9259259259259259,0.8064516129032259,0.8674193557050651,0.7927987672967511,0.889026050039657,strict,0,seek_data_v3_deep_enhanced/results/mediumcase/Mixed/Mixed_medium_14/CommonNeighbors_Analysis/findings.json
Mixed_medium_14,Peter-Clark,Peter-Clark,0.7714285714285715,1.0,0.870967741935484,0.9668498689722405,0.5077154918381506,0.7953512859530294,strict,0,seek_data_v3_deep_enhanced/results/mediumcase/Mixed/Mixed_medium_14/Peter-Clark_Analysis/findings.json
Mixed_medium_14,GAT,GAT,0.7714285714285715,1.0,0.870967741935484,0.9900524436693501,0.9112612005508613,0.958084855250367,strict,0,seek_data_v3_deep_enhanced/results/mediumcase/Mixed/Mixed_medium_14/GAT_Analysis/findings.json
Mixed_medium_14,CDHC,CDHC,0.4857142857142857,0.6296296296296297,0.5483870967741936,0.3625630355276907,0.5789465079499768,0.698190825162681,strict,0,seek_data_v3_deep_enhanced/results/mediumcase/Mixed/Mixed_medium_14/CDHC_Analysis/findings.json
Mixed_medium_14,IF-PDAG,IF-PDAG,0.6,0.7777777777777778,0.6774193548387097,0.7777777777777778,1.0,1.0,strict,0,seek_data_v3_deep_enhanced/results/mediumcase/Mixed/Mixed_medium_14/IF-PDAG_Analysis/findings.json
Mixed_medium_14,VGAE,VGAE,0.7428571428571429,0.9629629629629629,0.8387096774193549,0.7468742546188861,0.6661634043501821,0.7536947729904712,strict,0,seek_data_v3_deep_enhanced/results/mediumcase/Mixed/Mixed_medium_14/VGAE_Analysis/findings.json
Mixed_medium_14,GATE,GATE,0.7428571428571429,0.9629629629629629,0.8387096774193549,0.8397239729704226,0.5917935853108559,0.7501257321065226,strict,0,seek_data_v3_deep_enhanced/results/mediumcase/Mixed/Mixed_medium_14/GATE_Analysis/findings.json
Mixed_medium_14,DistMult,DistMult,0.7428571428571429,0.9629629629629629,0.8387096774193549,0.8075091177935467,0.5980216436752053,0.6868624059544872,strict,0,seek_data_v3_deep_enhanced/results/mediumcase/Mixed/Mixed_medium_14/DistMult_Analysis/findings.json
Mixed_medium_14,NOTEARS,NOTEARS,0.7714285714285715,1.0,0.870967741935484,0.6475457464242432,0.5278619924580956,0.707276263180447,strict,0,seek_data_v3_deep_enhanced/results/mediumcase/Mixed/Mixed_medium_14/NOTEARS_Analysis/findings.json
Mixed_medium_14,GES,GES,0.7714285714285715,1.0,0.870967741935484,0.9161466350007076,0.5866859649815199,0.5866859649815199,strict,0,seek_data_v3_deep_enhanced/results/mediumcase/Mixed/Mixed_medium_14/GES_Analysis/findings.json
Mixed_medium_14,GOLEM,GOLEM,0.7714285714285715,1.0,0.870967741935484,0.8072406789946349,0.7906359320809583,0.8910947769258578,strict,0,seek_data_v3_deep_enhanced/results/mediumcase/Mixed/Mixed_medium_14/GOLEM_Analysis/findings.json
Mixed_medium_14,PC-VGAE,PCVGAE,1.0,1.0,1.0,0.9978429605384859,0.5611312828790518,0.8147593414182548,strict,0,seek_data_v3_deep_enhanced/results/mediumcase/Mixed/Mixed_medium_14/PCVGAE_Analysis/1_Final_Results/pc_pcvgae_audit/final_aggregated_uncertainty_map.json
Mixed_medium_14,PC-GATE,PCGATE,0.9642857142857143,1.0,0.9818181818181818,1.0,0.599256450599498,0.8188524188647612,strict,0,seek_data_v3_deep_enhanced/results/mediumcase/Mixed/Mixed_medium_14/PCGATE_Analysis/1_Final_Results/pc_pcgate_audit/final_aggregated_uncertainty_map.json
Mixed_medium_15,CommonNeighbors,CommonNeighbors,0.6285714285714286,0.9565217391304348,0.7586206896551724,0.9172385773220811,0.9277638399499974,0.9277638399499974,strict,0,seek_data_v3_deep_enhanced/results/mediumcase/Mixed/Mixed_medium_15/CommonNeighbors_Analysis/findings.json
Mixed_medium_15,Peter-Clark,Peter-Clark,0.6,0.9130434782608695,0.7241379310344828,0.7442945579640032,0.6328523243570775,0.7680987240497511,strict,0,seek_data_v3_deep_enhanced/results/mediumcase/Mixed/Mixed_medium_15/Peter-Clark_Analysis/findings.json
Mixed_medium_15,GAT,GAT,0.6285714285714286,0.9565217391304348,0.7586206896551724,0.8889539579457889,0.7883255995066245,0.8376798188601069,strict,0,seek_data_v3_deep_enhanced/results/mediumcase/Mixed/Mixed_medium_15/GAT_Analysis/findings.json
Mixed_medium_15,CDHC,CDHC,0.2857142857142857,0.43478260869565216,0.3448275862068965,0.40769439799331103,0.9138235878773888,0.9138235878773888,strict,0,seek_data_v3_deep_enhanced/results/mediumcase/Mixed/Mixed_medium_15/CDHC_Analysis/findings.json
Mixed_medium_15,IF-PDAG,IF-PDAG,0.42857142857142855,0.6521739130434783,0.5172413793103448,0.6521739130434783,1.0,1.0,strict,0,seek_data_v3_deep_enhanced/results/mediumcase/Mixed/Mixed_medium_15/IF-PDAG_Analysis/findings.json
Mixed_medium_15,VGAE,VGAE,0.5142857142857142,0.782608695652174,0.6206896551724138,0.6144620700243834,0.6518209272080784,0.798459104313047,strict,0,seek_data_v3_deep_enhanced/results/mediumcase/Mixed/Mixed_medium_15/VGAE_Analysis/findings.json
Mixed_medium_15,GATE,GATE,0.6285714285714286,0.9565217391304348,0.7586206896551724,0.8463433811000807,0.636505648314415,0.8080526699202555,strict,0,seek_data_v3_deep_enhanced/results/mediumcase/Mixed/Mixed_medium_15/GATE_Analysis/findings.json
Mixed_medium_15,DistMult,DistMult,0.6285714285714286,0.9565217391304348,0.7586206896551724,0.9078981537717223,0.8390530993696534,0.8887809071462784,strict,0,seek_data_v3_deep_enhanced/results/mediumcase/Mixed/Mixed_medium_15/DistMult_Analysis/findings.json
Mixed_medium_15,NOTEARS,NOTEARS,0.6571428571428571,1.0,0.7931034482758621,0.6671990139716784,0.5914360016571328,0.7936770026853129,strict,0,seek_data_v3_deep_enhanced/results/mediumcase/Mixed/Mixed_medium_15/NOTEARS_Analysis/findings.json
Mixed_medium_15,GES,GES,0.6,0.9130434782608695,0.7241379310344828,0.629730045596738,0.43800420501751575,0.5310544415446196,strict,0,seek_data_v3_deep_enhanced/results/mediumcase/Mixed/Mixed_medium_15/GES_Analysis/findings.json
Mixed_medium_15,GOLEM,GOLEM,0.6571428571428571,1.0,0.7931034482758621,0.782906310077897,0.76978372274651,0.8178227981890219,strict,0,seek_data_v3_deep_enhanced/results/mediumcase/Mixed/Mixed_medium_15/GOLEM_Analysis/findings.json
Mixed_medium_15,PC-VGAE,PCVGAE,0.84,0.9130434782608695,0.8749999999999999,0.8656144493750074,0.6607704767057152,0.851273486427163,strict,0,seek_data_v3_deep_enhanced/results/mediumcase/Mixed/Mixed_medium_15/PCVGAE_Analysis/1_Final_Results/pc_pcvgae_audit/final_aggregated_uncertainty_map.json
Mixed_medium_15,PC-GATE,PCGATE,0.84,0.9130434782608695,0.8749999999999999,0.8656144493750074,0.6607704767057152,0.851273486427163,strict,0,seek_data_v3_deep_enhanced/results/mediumcase/Mixed/Mixed_medium_15/PCGATE_Analysis/1_Final_Results/pc_pcgate_audit/final_aggregated_uncertainty_map.json
Mixed_medium_16,CommonNeighbors,CommonNeighbors,0.5428571428571428,0.95,0.6909090909090908,0.5802836542505276,0.6717843108864203,0.7558420667818209,strict,0,seek_data_v3_deep_enhanced/results/mediumcase/Mixed/Mixed_medium_16/CommonNeighbors_Analysis/findings.json
Mixed_medium_16,Peter-Clark,Peter-Clark,0.45714285714285713,0.8,0.5818181818181818,0.4488315281317075,0.4070406221308565,0.5576345936096975,strict,0,seek_data_v3_deep_enhanced/results/mediumcase/Mixed/Mixed_medium_16/Peter-Clark_Analysis/findings.json
Mixed_medium_16,GAT,GAT,0.5714285714285714,1.0,0.7272727272727273,0.796178960444882,0.7521956845014366,0.8807666098995451,strict,0,seek_data_v3_deep_enhanced/results/mediumcase/Mixed/Mixed_medium_16/GAT_Analysis/findings.json
Mixed_medium_16,CDHC,CDHC,0.2571428571428571,0.45,0.32727272727272727,0.31566393750000005,0.6508205185601091,0.7506577155380005,strict,0,seek_data_v3_deep_enhanced/results/mediumcase/Mixed/Mixed_medium_16/CDHC_Analysis/findings.json
Mixed_medium_16,IF-PDAG,IF-PDAG,0.37142857142857144,0.65,0.4727272727272728,0.6378125,0.9493885684853096,0.9493885684853096,strict,0,seek_data_v3_deep_enhanced/results/mediumcase/Mixed/Mixed_medium_16/IF-PDAG_Analysis/findings.json
Mixed_medium_16,VGAE,VGAE,0.37142857142857144,0.65,0.4727272727272728,0.5570074072400335,0.6881032136063744,0.6881032136063744,strict,0,seek_data_v3_deep_enhanced/results/mediumcase/Mixed/Mixed_medium_16/VGAE_Analysis/findings.json
Mixed_medium_16,GATE,GATE,0.5428571428571428,0.95,0.6909090909090908,0.6520822592625682,0.6241719753532103,0.7775965116835277,strict,0,seek_data_v3_deep_enhanced/results/mediumcase/Mixed/Mixed_medium_16/GATE_Analysis/findings.json
Mixed_medium_16,DistMult,DistMult,0.4857142857142857,0.85,0.6181818181818183,0.8013116753674867,0.8000715730078202,0.91045652947228,strict,0,seek_data_v3_deep_enhanced/results/mediumcase/Mixed/Mixed_medium_16/DistMult_Analysis/findings.json
Mixed_medium_16,NOTEARS,NOTEARS,0.5142857142857142,0.9,0.6545454545454545,0.4306310308489091,0.48232655031135485,0.6107891715080218,strict,0,seek_data_v3_deep_enhanced/results/mediumcase/Mixed/Mixed_medium_16/NOTEARS_Analysis/findings.json
Mixed_medium_16,GES,GES,0.5142857142857142,0.9,0.6545454545454545,0.5305214653585149,0.4493376951355722,0.5963108437100818,strict,0,seek_data_v3_deep_enhanced/results/mediumcase/Mixed/Mixed_medium_16/GES_Analysis/findings.json
Mixed_medium_16,GOLEM,GOLEM,0.45714285714285713,0.8,0.5818181818181818,0.5022608634550312,0.7756218836899372,0.7756218836899372,strict,0,seek_data_v3_deep_enhanced/results/mediumcase/Mixed/Mixed_medium_16/GOLEM_Analysis/findings.json
Mixed_medium_16,PC-VGAE,PCVGAE,0.6428571428571429,0.9,0.75,0.8491711324263093,0.6938292401455828,0.8518735834341503,strict,0,seek_data_v3_deep_enhanced/results/mediumcase/Mixed/Mixed_medium_16/PCVGAE_Analysis/1_Final_Results/pc_pcvgae_audit/final_aggregated_uncertainty_map.json
Mixed_medium_16,PC-GATE,PCGATE,0.6666666666666666,0.9,0.7659574468085106,0.8521713158037376,0.6938292401455828,0.8532882403213692,strict,0,seek_data_v3_deep_enhanced/results/mediumcase/Mixed/Mixed_medium_16/PCGATE_Analysis/1_Final_Results/pc_pcgate_audit/final_aggregated_uncertainty_map.json
Mixed_medium_17,CommonNeighbors,CommonNeighbors,0.6285714285714286,0.9565217391304348,0.7586206896551724,0.7808627951343236,0.7587218367260705,0.8811694240293518,strict,0,seek_data_v3_deep_enhanced/results/mediumcase/Mixed/Mixed_medium_17/CommonNeighbors_Analysis/findings.json
Mixed_medium_17,Peter-Clark,Peter-Clark,0.7727272727272727,0.7391304347826086,0.7555555555555555,0.7033166777251328,0.6339466570039808,0.8311990540469396,strict,0,seek_data_v3_deep_enhanced/results/mediumcase/Mixed/Mixed_medium_17/Peter-Clark_Analysis/findings.json
Mixed_medium_17,GAT,GAT,0.5714285714285714,0.8695652173913043,0.689655172413793,0.6595993828362423,0.608611303868484,0.7391541407269238,strict,0,seek_data_v3_deep_enhanced/results/mediumcase/Mixed/Mixed_medium_17/GAT_Analysis/findings.json
Mixed_medium_17,CDHC,CDHC,0.3142857142857143,0.4782608695652174,0.3793103448275862,0.273246437947161,0.7475536811696472,0.7988181243090438,strict,0,seek_data_v3_deep_enhanced/results/mediumcase/Mixed/Mixed_medium_17/CDHC_Analysis/findings.json
Mixed_medium_17,IF-PDAG,IF-PDAG,0.5428571428571428,0.8260869565217391,0.6551724137931034,0.6194515773398489,0.5799806286604705,0.7152481969117406,strict,0,seek_data_v3_deep_enhanced/results/mediumcase/Mixed/Mixed_medium_17/IF-PDAG_Analysis/findings.json
Mixed_medium_17,VGAE,VGAE,0.5714285714285714,0.8695652173913043,0.689655172413793,0.8365107117493884,0.795939951490774,0.8503243707254514,strict,0,seek_data_v3_deep_enhanced/results/mediumcase/Mixed/Mixed_medium_17/VGAE_Analysis/findings.json
Mixed_medium_17,GATE,GATE,0.6285714285714286,0.9565217391304348,0.7586206896551724,0.9036119617334505,0.7817845752000367,0.8274676241175477,strict,0,seek_data_v3_deep_enhanced/results/mediumcase/Mixed/Mixed_medium_17/GATE_Analysis/findings.json
Mixed_medium_17,DistMult,DistMult,0.5714285714285714,0.8695652173913043,0.689655172413793,0.8208278167104243,0.8488587141018588,0.9409528678383166,strict,0,seek_data_v3_deep_enhanced/results/mediumcase/Mixed/Mixed_medium_17/DistMult_Analysis/findings.json
Mixed_medium_17,NOTEARS,NOTEARS,0.4857142857142857,0.7391304347826086,0.5862068965517241,0.557273270087909,0.6916912163923965,0.782305974470248,strict,0,seek_data_v3_deep_enhanced/results/mediumcase/Mixed/Mixed_medium_17/NOTEARS_Analysis/findings.json
Mixed_medium_17,GES,GES,0.65625,0.9130434782608695,0.7636363636363634,0.7828481201303018,0.5016616182050428,0.6963961900284845,strict,0,seek_data_v3_deep_enhanced/results/mediumcase/Mixed/Mixed_medium_17/GES_Analysis/findings.json
Mixed_medium_17,GOLEM,GOLEM,0.4857142857142857,0.7391304347826086,0.5862068965517241,0.6347071715403493,0.6496687878830768,0.839093690715625,strict,0,seek_data_v3_deep_enhanced/results/mediumcase/Mixed/Mixed_medium_17/GOLEM_Analysis/findings.json
Mixed_medium_17,PC-VGAE,PCVGAE,0.8260869565217391,0.8260869565217391,0.8260869565217391,0.8046835532088463,0.7069982221844751,0.8160725880114498,strict,0,seek_data_v3_deep_enhanced/results/mediumcase/Mixed/Mixed_medium_17/PCVGAE_Analysis/1_Final_Results/pc_pcvgae_audit/final_aggregated_uncertainty_map.json
Mixed_medium_17,PC-GATE,PCGATE,0.9047619047619048,0.8260869565217391,0.8636363636363636,0.8004159531589409,0.7069982221844751,0.8168779538357324,strict,0,seek_data_v3_deep_enhanced/results/mediumcase/Mixed/Mixed_medium_17/PCGATE_Analysis/1_Final_Results/pc_pcgate_audit/final_aggregated_uncertainty_map.json
Mixed_medium_18,CommonNeighbors,CommonNeighbors,0.6571428571428571,0.8214285714285714,0.73015873015873,0.5324152493535584,0.5208430682023317,0.7066502888851993,strict,0,seek_data_v3_deep_enhanced/results/mediumcase/Mixed/Mixed_medium_18/CommonNeighbors_Analysis/findings.json
Mixed_medium_18,Peter-Clark,Peter-Clark,0.7714285714285715,0.9642857142857143,0.8571428571428572,0.7872195700809056,0.5184053125477135,0.7611352083967786,strict,0,seek_data_v3_deep_enhanced/results/mediumcase/Mixed/Mixed_medium_18/Peter-Clark_Analysis/findings.json
Mixed_medium_18,GAT,GAT,0.7428571428571429,0.9285714285714286,0.8253968253968255,0.8072355265775065,0.6568151292724471,0.7456785861118849,strict,0,seek_data_v3_deep_enhanced/results/mediumcase/Mixed/Mixed_medium_18/GAT_Analysis/findings.json
Mixed_medium_18,CDHC,CDHC,0.3142857142857143,0.39285714285714285,0.34920634920634924,0.26472050877463055,0.7618870795651184,0.7618870795651184,strict,0,seek_data_v3_deep_enhanced/results/mediumcase/Mixed/Mixed_medium_18/CDHC_Analysis/findings.json
Mixed_medium_18,IF-PDAG,IF-PDAG,0.37142857142857144,0.4642857142857143,0.41269841269841273,0.412331308993169,0.809537348880878,0.8908721942692976,strict,0,seek_data_v3_deep_enhanced/results/mediumcase/Mixed/Mixed_medium_18/IF-PDAG_Analysis/findings.json
Mixed_medium_18,VGAE,VGAE,0.7428571428571429,0.9285714285714286,0.8253968253968255,0.8613836487703533,0.6393758657318417,0.855729595931422,strict,0,seek_data_v3_deep_enhanced/results/mediumcase/Mixed/Mixed_medium_18/VGAE_Analysis/findings.json
Mixed_medium_18,GATE,GATE,0.6571428571428571,0.8214285714285714,0.73015873015873,0.7782584983522749,0.6700112844791702,0.825022637318411,strict,0,seek_data_v3_deep_enhanced/results/mediumcase/Mixed/Mixed_medium_18/GATE_Analysis/findings.json
Mixed_medium_18,DistMult,DistMult,0.6571428571428571,0.8214285714285714,0.73015873015873,0.7093517271748411,0.7499213145506357,0.7970103954648902,strict,0,seek_data_v3_deep_enhanced/results/mediumcase/Mixed/Mixed_medium_18/DistMult_Analysis/findings.json
Mixed_medium_18,NOTEARS,NOTEARS,0.7714285714285715,0.9642857142857143,0.8571428571428572,0.8027167224349592,0.5595204140809765,0.6455573796345531,strict,0,seek_data_v3_deep_enhanced/results/mediumcase/Mixed/Mixed_medium_18/NOTEARS_Analysis/findings.json
Mixed_medium_18,GES,GES,0.7714285714285715,0.9642857142857143,0.8571428571428572,0.8459256357017462,0.4693585669305307,0.6934367992809755,strict,0,seek_data_v3_deep_enhanced/results/mediumcase/Mixed/Mixed_medium_18/GES_Analysis/findings.json
Mixed_medium_18,GOLEM,GOLEM,0.7714285714285715,0.9642857142857143,0.8571428571428572,0.8835959772028805,0.6545142174519367,0.744154646605905,strict,0,seek_data_v3_deep_enhanced/results/mediumcase/Mixed/Mixed_medium_18/GOLEM_Analysis/findings.json
Mixed_medium_18,PC-VGAE,PCVGAE,0.7692307692307693,0.7142857142857143,0.7407407407407408,0.7142857142857143,0.8880802529600056,0.8880802529600056,strict,0,seek_data_v3_deep_enhanced/results/mediumcase/Mixed/Mixed_medium_18/PCVGAE_Analysis/1_Final_Results/pc_pcvgae_audit/final_aggregated_uncertainty_map.json
Mixed_medium_18,PC-GATE,PCGATE,1,0.8928571428571429,0.9433962264150945,0.8700849029717386,0.7593935380614475,0.8657382380876285,strict,0,seek_data_v3_deep_enhanced/results/mediumcase/Mixed/Mixed_medium_18/PCGATE_Analysis/1_Final_Results/pc_pcgate_audit/final_aggregated_uncertainty_map.json
Mixed_medium_19,CommonNeighbors,CommonNeighbors,0.6571428571428571,0.8214285714285714,0.73015873015873,0.6258901209997557,0.6175338569012658,0.8887734715119907,strict,0,seek_data_v3_deep_enhanced/results/mediumcase/Mixed/Mixed_medium_19/CommonNeighbors_Analysis/findings.json
Mixed_medium_19,Peter-Clark,Peter-Clark,0.6285714285714286,0.7857142857142857,0.6984126984126985,0.6889378362648398,0.6638033118768603,0.7498618805957886,strict,0,seek_data_v3_deep_enhanced/results/mediumcase/Mixed/Mixed_medium_19/Peter-Clark_Analysis/findings.json
Mixed_medium_19,GAT,GAT,0.5714285714285714,0.7142857142857143,0.634920634920635,0.6563061930581429,0.764167593374866,0.8141726064180798,strict,0,seek_data_v3_deep_enhanced/results/mediumcase/Mixed/Mixed_medium_19/GAT_Analysis/findings.json
Mixed_medium_19,CDHC,CDHC,0.2857142857142857,0.35714285714285715,0.3174603174603175,0.29759891983016984,0.8650858456670527,0.8650858456670527,strict,0,seek_data_v3_deep_enhanced/results/mediumcase/Mixed/Mixed_medium_19/CDHC_Analysis/findings.json
Mixed_medium_19,IF-PDAG,IF-PDAG,0.42857142857142855,0.5357142857142857,0.47619047619047616,0.5178225806451613,0.8687949224876581,0.8687949224876581,strict,0,seek_data_v3_deep_enhanced/results/mediumcase/Mixed/Mixed_medium_19/IF-PDAG_Analysis/findings.json
Mixed_medium_19,VGAE,VGAE,0.5714285714285714,0.7142857142857143,0.634920634920635,0.6598066947806402,0.6846586960240143,0.8846613220911176,strict,0,seek_data_v3_deep_enhanced/results/mediumcase/Mixed/Mixed_medium_19/VGAE_Analysis/findings.json
Mixed_medium_19,GATE,GATE,0.5428571428571428,0.6785714285714286,0.603174603174603,0.6214450932828771,0.7273470426505795,0.7800545555166047,strict,0,seek_data_v3_deep_enhanced/results/mediumcase/Mixed/Mixed_medium_19/GATE_Analysis/findings.json
Mixed_medium_19,DistMult,DistMult,0.4,0.5,0.4444444444444445,0.3145866302430422,0.4696119527725691,0.6397753302273441,strict,0,seek_data_v3_deep_enhanced/results/mediumcase/Mixed/Mixed_medium_19/DistMult_Analysis/findings.json
Mixed_medium_19,NOTEARS,NOTEARS,0.7142857142857143,0.8928571428571429,0.7936507936507937,0.5148076841810552,0.45340924779104946,0.5909753507450092,strict,0,seek_data_v3_deep_enhanced/results/mediumcase/Mixed/Mixed_medium_19/NOTEARS_Analysis/findings.json
Mixed_medium_19,GES,GES,0.6285714285714286,0.7857142857142857,0.6984126984126985,0.6347769937607571,0.5090606526565716,0.6630376217052073,strict,0,seek_data_v3_deep_enhanced/results/mediumcase/Mixed/Mixed_medium_19/GES_Analysis/findings.json
Mixed_medium_19,GOLEM,GOLEM,0.6571428571428571,0.8214285714285714,0.73015873015873,0.6215326480003512,0.727329844310522,0.8733415492968014,strict,0,seek_data_v3_deep_enhanced/results/mediumcase/Mixed/Mixed_medium_19/GOLEM_Analysis/findings.json
Mixed_medium_19,PC-VGAE,PCVGAE,0.8461538461538461,0.7857142857142857,0.8148148148148148,0.7842122976112219,0.7885592597294638,0.8470846903276443,strict,0,seek_data_v3_deep_enhanced/results/mediumcase/Mixed/Mixed_medium_19/PCVGAE_Analysis/1_Final_Results/pc_pcvgae_audit/final_aggregated_uncertainty_map.json
Mixed_medium_19,PC-GATE,PCGATE,0.9166666666666666,0.7857142857142857,0.8461538461538461,0.7842122976112219,0.7885592597294638,0.8470846903276443,strict,0,seek_data_v3_deep_enhanced/results/mediumcase/Mixed/Mixed_medium_19/PCGATE_Analysis/1_Final_Results/pc_pcgate_audit/final_aggregated_uncertainty_map.json
Mixed_medium_20,CommonNeighbors,CommonNeighbors,0.8285714285714286,0.9666666666666667,0.8923076923076922,0.7436600886462648,0.7325208023040561,0.8534539679837397,strict,0,seek_data_v3_deep_enhanced/results/mediumcase/Mixed/Mixed_medium_20/CommonNeighbors_Analysis/findings.json
Mixed_medium_20,Peter-Clark,Peter-Clark,0.8285714285714286,0.9666666666666667,0.8923076923076922,0.912121315987747,0.7134286212326993,0.7748142409552166,strict,0,seek_data_v3_deep_enhanced/results/mediumcase/Mixed/Mixed_medium_20/Peter-Clark_Analysis/findings.json
Mixed_medium_20,GAT,GAT,0.8285714285714286,0.9666666666666667,0.8923076923076922,0.8731007743096846,0.75746672125372,0.8540380122919907,strict,0,seek_data_v3_deep_enhanced/results/mediumcase/Mixed/Mixed_medium_20/GAT_Analysis/findings.json
Mixed_medium_20,CDHC,CDHC,0.45714285714285713,0.5333333333333333,0.4923076923076923,0.47584518939393944,0.8430759170078563,0.8430759170078563,strict,0,seek_data_v3_deep_enhanced/results/mediumcase/Mixed/Mixed_medium_20/CDHC_Analysis/findings.json
Mixed_medium_20,IF-PDAG,IF-PDAG,0.6857142857142857,0.8,0.7384615384615385,0.7666666666666667,0.8626199664389336,0.9338552717828114,strict,0,seek_data_v3_deep_enhanced/results/mediumcase/Mixed/Mixed_medium_20/IF-PDAG_Analysis/findings.json
Mixed_medium_20,VGAE,VGAE,0.7142857142857143,0.8333333333333334,0.7692307692307692,0.7917997142263979,0.70009303801337,0.7919558307438963,strict,0,seek_data_v3_deep_enhanced/results/mediumcase/Mixed/Mixed_medium_20/VGAE_Analysis/findings.json
Mixed_medium_20,GATE,GATE,0.8285714285714286,0.9666666666666667,0.8923076923076922,0.926519951838147,0.7175400737265237,0.8981189918757814,strict,0,seek_data_v3_deep_enhanced/results/mediumcase/Mixed/Mixed_medium_20/GATE_Analysis/findings.json
Mixed_medium_20,DistMult,DistMult,0.8285714285714286,0.9666666666666667,0.8923076923076922,0.8872760863008504,0.6165994446389361,0.7128267273818419,strict,0,seek_data_v3_deep_enhanced/results/mediumcase/Mixed/Mixed_medium_20/DistMult_Analysis/findings.json
Mixed_medium_20,NOTEARS,NOTEARS,0.8285714285714286,0.9666666666666667,0.8923076923076922,0.7357373401541455,0.5859929498491885,0.7837349739632447,strict,0,seek_data_v3_deep_enhanced/results/mediumcase/Mixed/Mixed_medium_20/NOTEARS_Analysis/findings.json
Mixed_medium_20,GES,GES,0.8571428571428571,1.0,0.923076923076923,0.9181478607633913,0.42761602793501025,0.6283315868137361,strict,0,seek_data_v3_deep_enhanced/results/mediumcase/Mixed/Mixed_medium_20/GES_Analysis/findings.json
Mixed_medium_20,GOLEM,GOLEM,0.8285714285714286,0.9666666666666667,0.8923076923076922,0.8805990282994521,0.8076729939455273,0.8164077015276414,strict,0,seek_data_v3_deep_enhanced/results/mediumcase/Mixed/Mixed_medium_20/GOLEM_Analysis/findings.json
Mixed_medium_20,PC-VGAE,PCVGAE,1,0.9666666666666667,0.983050847457627,0.9297500541142075,0.6379531960795324,0.8099287058417556,strict,0,seek_data_v3_deep_enhanced/results/mediumcase/Mixed/Mixed_medium_20/PCVGAE_Analysis/1_Final_Results/pc_pcvgae_audit/final_aggregated_uncertainty_map.json
Mixed_medium_20,PC-GATE,PCGATE,1,0.9666666666666667,0.983050847457627,0.9333333333333333,0.708447181285427,0.854199653192332,strict,0,seek_data_v3_deep_enhanced/results/mediumcase/Mixed/Mixed_medium_20/PCGATE_Analysis/1_Final_Results/pc_pcgate_audit/final_aggregated_uncertainty_map.json
Mixed_medium_21,CommonNeighbors,CommonNeighbors,0.7142857142857143,0.8620689655172413,0.7812500000000001,0.7553468273191913,0.5713355498337382,0.7288863087388259,strict,0,seek_data_v3_deep_enhanced/results/mediumcase/Mixed/Mixed_medium_21/CommonNeighbors_Analysis/findings.json
Mixed_medium_21,Peter-Clark,Peter-Clark,0.7142857142857143,0.8620689655172413,0.7812500000000001,0.8261991503472117,0.7346089692300664,0.8147113805052876,strict,0,seek_data_v3_deep_enhanced/results/mediumcase/Mixed/Mixed_medium_21/Peter-Clark_Analysis/findings.json
Mixed_medium_21,GAT,GAT,0.7142857142857143,0.8620689655172413,0.7812500000000001,0.627929904277542,0.611037332151319,0.7827046899437284,strict,0,seek_data_v3_deep_enhanced/results/mediumcase/Mixed/Mixed_medium_21/GAT_Analysis/findings.json
Mixed_medium_21,CDHC,CDHC,0.34285714285714286,0.41379310344827586,0.375,0.35783755690083,0.7703689102037632,0.7703689102037632,strict,0,seek_data_v3_deep_enhanced/results/mediumcase/Mixed/Mixed_medium_21/CDHC_Analysis/findings.json
Mixed_medium_21,IF-PDAG,IF-PDAG,0.37142857142857144,0.4482758620689655,0.40625,0.4482758620689655,0.8854598815714875,0.8854598815714875,strict,0,seek_data_v3_deep_enhanced/results/mediumcase/Mixed/Mixed_medium_21/IF-PDAG_Analysis/findings.json
Mixed_medium_21,VGAE,VGAE,0.6857142857142857,0.8275862068965517,0.75,0.4272725425692462,0.38436436939762336,0.5842474324151158,strict,0,seek_data_v3_deep_enhanced/results/mediumcase/Mixed/Mixed_medium_21/VGAE_Analysis/findings.json
Mixed_medium_21,GATE,GATE,0.8285714285714286,1.0,0.90625,0.8952335267236521,0.6899067693863984,0.8205626353543128,strict,0,seek_data_v3_deep_enhanced/results/mediumcase/Mixed/Mixed_medium_21/GATE_Analysis/findings.json
Mixed_medium_21,DistMult,DistMult,0.7428571428571429,0.896551724137931,0.8125,0.8521172504657796,0.7291211945143276,0.8803953245822207,strict,0,seek_data_v3_deep_enhanced/results/mediumcase/Mixed/Mixed_medium_21/DistMult_Analysis/findings.json
Mixed_medium_21,NOTEARS,NOTEARS,0.6571428571428571,0.7931034482758621,0.71875,0.4563339009438378,0.5818033399169976,0.7225410261950961,strict,0,seek_data_v3_deep_enhanced/results/mediumcase/Mixed/Mixed_medium_21/NOTEARS_Analysis/findings.json
Mixed_medium_21,GES,GES,0.6,0.7241379310344828,0.65625,0.5562623201197038,0.39126011688924156,0.575080119609663,strict,0,seek_data_v3_deep_enhanced/results/mediumcase/Mixed/Mixed_medium_21/GES_Analysis/findings.json
Mixed_medium_21,GOLEM,GOLEM,0.5714285714285714,0.6896551724137931,0.625,0.523031887872419,0.764443832011602,0.8649026768565015,strict,0,seek_data_v3_deep_enhanced/results/mediumcase/Mixed/Mixed_medium_21/GOLEM_Analysis/findings.json
Mixed_medium_21,PC-VGAE,PCVGAE,0.9615384615384616,0.8620689655172413,0.9090909090909091,0.8586254853265557,0.7070628286907291,0.8786098502965696,strict,0,seek_data_v3_deep_enhanced/results/mediumcase/Mixed/Mixed_medium_21/PCVGAE_Analysis/1_Final_Results/pc_pcvgae_audit/final_aggregated_uncertainty_map.json
Mixed_medium_21,PC-GATE,PCGATE,0.9615384615384616,0.8620689655172413,0.9090909090909091,0.8394275671108293,0.6460283853609646,0.8772216549628242,strict,0,seek_data_v3_deep_enhanced/results/mediumcase/Mixed/Mixed_medium_21/PCGATE_Analysis/1_Final_Results/pc_pcgate_audit/final_aggregated_uncertainty_map.json
Mixed_medium_22,CommonNeighbors,CommonNeighbors,0.6,0.875,0.711864406779661,0.7488576990345743,0.7720482544742336,0.8557312297873987,strict,0,seek_data_v3_deep_enhanced/results/mediumcase/Mixed/Mixed_medium_22/CommonNeighbors_Analysis/findings.json
Mixed_medium_22,Peter-Clark,Peter-Clark,0.6285714285714286,0.9166666666666666,0.7457627118644068,0.8041122397776697,0.6458614195643846,0.6853366756382714,strict,0,seek_data_v3_deep_enhanced/results/mediumcase/Mixed/Mixed_medium_22/Peter-Clark_Analysis/findings.json
Mixed_medium_22,GAT,GAT,0.5428571428571428,0.7916666666666666,0.6440677966101694,0.45131264939982507,0.44187221243140334,0.6342338263760837,strict,0,seek_data_v3_deep_enhanced/results/mediumcase/Mixed/Mixed_medium_22/GAT_Analysis/findings.json
Mixed_medium_22,CDHC,CDHC,0.5142857142857142,0.75,0.6101694915254237,0.6418141609105763,0.7215860175477895,0.7862943563893489,strict,0,seek_data_v3_deep_enhanced/results/mediumcase/Mixed/Mixed_medium_22/CDHC_Analysis/findings.json
Mixed_medium_22,IF-PDAG,IF-PDAG,0.4,0.5833333333333334,0.4745762711864407,0.49449687995811176,0.7744817525547457,0.8352472147247142,strict,0,seek_data_v3_deep_enhanced/results/mediumcase/Mixed/Mixed_medium_22/IF-PDAG_Analysis/findings.json
Mixed_medium_22,VGAE,VGAE,0.45714285714285713,0.6666666666666666,0.5423728813559322,0.6075582110231605,0.6965307219812931,0.7532515609578421,strict,0,seek_data_v3_deep_enhanced/results/mediumcase/Mixed/Mixed_medium_22/VGAE_Analysis/findings.json
Mixed_medium_22,GATE,GATE,0.6285714285714286,0.9166666666666666,0.7457627118644068,0.8308595691340531,0.6441720745611632,0.7840137379165767,strict,0,seek_data_v3_deep_enhanced/results/mediumcase/Mixed/Mixed_medium_22/GATE_Analysis/findings.json
Mixed_medium_22,DistMult,DistMult,0.4857142857142857,0.7083333333333334,0.576271186440678,0.37532614332849756,0.5676063489490196,0.7209331789644088,strict,0,seek_data_v3_deep_enhanced/results/mediumcase/Mixed/Mixed_medium_22/DistMult_Analysis/findings.json
Mixed_medium_22,NOTEARS,NOTEARS,0.6857142857142857,1.0,0.8135593220338984,0.830995736874506,0.5693852983715684,0.7247010553406842,strict,0,seek_data_v3_deep_enhanced/results/mediumcase/Mixed/Mixed_medium_22/NOTEARS_Analysis/findings.json
Mixed_medium_22,GES,GES,0.6857142857142857,1.0,0.8135593220338984,0.8612710595436163,0.4841146003044866,0.6546976578412753,strict,0,seek_data_v3_deep_enhanced/results/mediumcase/Mixed/Mixed_medium_22/GES_Analysis/findings.json
Mixed_medium_22,GOLEM,GOLEM,0.6285714285714286,0.9166666666666666,0.7457627118644068,0.8489828164080581,0.7400025347144878,0.8264722716301253,strict,0,seek_data_v3_deep_enhanced/results/mediumcase/Mixed/Mixed_medium_22/GOLEM_Analysis/findings.json
Mixed_medium_22,PC-VGAE,PCVGAE,0.8461538461538461,0.9166666666666666,0.8799999999999999,0.9040417984439235,0.651499578352788,0.8440955335213387,strict,0,seek_data_v3_deep_enhanced/results/mediumcase/Mixed/Mixed_medium_22/PCVGAE_Analysis/1_Final_Results/pc_pcvgae_audit/final_aggregated_uncertainty_map.json
Mixed_medium_22,PC-GATE,PCGATE,0.88,0.9166666666666666,0.8979591836734694,0.900033346569962,0.6914971216780739,0.8420910931569148,strict,0,seek_data_v3_deep_enhanced/results/mediumcase/Mixed/Mixed_medium_22/PCGATE_Analysis/1_Final_Results/pc_pcgate_audit/final_aggregated_uncertainty_map.json
Mixed_medium_23,CommonNeighbors,CommonNeighbors,0.42857142857142855,0.6818181818181818,0.5263157894736843,0.31620900029410137,0.7071432720187637,0.8570661415934623,strict,0,seek_data_v3_deep_enhanced/results/mediumcase/Mixed/Mixed_medium_23/CommonNeighbors_Analysis/findings.json
Mixed_medium_23,Peter-Clark,Peter-Clark,0.5714285714285714,0.9090909090909091,0.7017543859649122,0.6155042105862709,0.5597160742067009,0.7369430177279922,strict,0,seek_data_v3_deep_enhanced/results/mediumcase/Mixed/Mixed_medium_23/Peter-Clark_Analysis/findings.json
Mixed_medium_23,GAT,GAT,0.45714285714285713,0.7272727272727273,0.5614035087719298,0.43104788772449293,0.6267461721435241,0.6267461721435241,strict,0,seek_data_v3_deep_enhanced/results/mediumcase/Mixed/Mixed_medium_23/GAT_Analysis/findings.json
Mixed_medium_23,CDHC,CDHC,0.42857142857142855,0.6818181818181818,0.5263157894736843,0.5543122901747317,0.8893459311349893,0.9421266804822687,strict,0,seek_data_v3_deep_enhanced/results/mediumcase/Mixed/Mixed_medium_23/CDHC_Analysis/findings.json
Mixed_medium_23,IF-PDAG,IF-PDAG,0.22857142857142856,0.36363636363636365,0.2807017543859649,0.09854239676678253,0.3936118447507049,0.5160166270002773,strict,0,seek_data_v3_deep_enhanced/results/mediumcase/Mixed/Mixed_medium_23/IF-PDAG_Analysis/findings.json
Mixed_medium_23,VGAE,VGAE,0.34285714285714286,0.5454545454545454,0.42105263157894735,0.2614169874767082,0.5633748007852422,0.6185426898852887,strict,0,seek_data_v3_deep_enhanced/results/mediumcase/Mixed/Mixed_medium_23/VGAE_Analysis/findings.json
Mixed_medium_23,GATE,GATE,0.6,0.9545454545454546,0.7368421052631579,0.8266059763952862,0.6296295868829581,0.8662644722726142,strict,0,seek_data_v3_deep_enhanced/results/mediumcase/Mixed/Mixed_medium_23/GATE_Analysis/findings.json
Mixed_medium_23,DistMult,DistMult,0.42857142857142855,0.6818181818181818,0.5263157894736843,0.4177609580842151,0.5471205311517918,0.6118288699933513,strict,0,seek_data_v3_deep_enhanced/results/mediumcase/Mixed/Mixed_medium_23/DistMult_Analysis/findings.json
Mixed_medium_23,NOTEARS,NOTEARS,0.5714285714285714,0.9090909090909091,0.7017543859649122,0.6417403557082387,0.6348858759410126,0.7550528608894767,strict,0,seek_data_v3_deep_enhanced/results/mediumcase/Mixed/Mixed_medium_23/NOTEARS_Analysis/findings.json
Mixed_medium_23,GES,GES,0.6285714285714286,1.0,0.7719298245614035,0.7315668937146961,0.5214354573484501,0.641944018803146,strict,0,seek_data_v3_deep_enhanced/results/mediumcase/Mixed/Mixed_medium_23/GES_Analysis/findings.json
Mixed_medium_23,GOLEM,GOLEM,0.5714285714285714,0.9090909090909091,0.7017543859649122,0.8375782540342822,0.7636887567900627,0.9157294639713516,strict,0,seek_data_v3_deep_enhanced/results/mediumcase/Mixed/Mixed_medium_23/GOLEM_Analysis/findings.json
Mixed_medium_23,PC-VGAE,PCVGAE,0.7692307692307693,0.9090909090909091,0.8333333333333333,0.8809170387330281,0.7775541541447762,0.8837745457011095,strict,0,seek_data_v3_deep_enhanced/results/mediumcase/Mixed/Mixed_medium_23/PCVGAE_Analysis/1_Final_Results/pc_pcvgae_audit/final_aggregated_uncertainty_map.json
Mixed_medium_23,PC-GATE,PCGATE,0.7142857142857143,0.9090909090909091,0.8,0.8890797148451524,0.7775541541447762,0.8872703907587822,strict,0,seek_data_v3_deep_enhanced/results/mediumcase/Mixed/Mixed_medium_23/PCGATE_Analysis/1_Final_Results/pc_pcgate_audit/final_aggregated_uncertainty_map.json
Mixed_medium_24,CommonNeighbors,CommonNeighbors,0.6285714285714286,0.8148148148148148,0.7096774193548386,0.5591001288381847,0.571512554258976,0.7468789055289661,strict,0,seek_data_v3_deep_enhanced/results/mediumcase/Mixed/Mixed_medium_24/CommonNeighbors_Analysis/findings.json
Mixed_medium_24,Peter-Clark,Peter-Clark,0.6571428571428571,0.8518518518518519,0.7419354838709677,0.7495004187292403,0.6170938437839377,0.7778837616122362,strict,0,seek_data_v3_deep_enhanced/results/mediumcase/Mixed/Mixed_medium_24/Peter-Clark_Analysis/findings.json
Mixed_medium_24,GAT,GAT,0.7142857142857143,0.9259259259259259,0.8064516129032259,0.9188585913716643,0.8684904045761521,0.9211979174421775,strict,0,seek_data_v3_deep_enhanced/results/mediumcase/Mixed/Mixed_medium_24/GAT_Analysis/findings.json
Mixed_medium_24,CDHC,CDHC,0.2857142857142857,0.37037037037037035,0.3225806451612903,0.23292622053872053,0.9196137949996374,0.9196137949996374,strict,0,seek_data_v3_deep_enhanced/results/mediumcase/Mixed/Mixed_medium_24/CDHC_Analysis/findings.json
Mixed_medium_24,IF-PDAG,IF-PDAG,0.45714285714285713,0.5925925925925926,0.5161290322580645,0.5925925925925926,1.0,1.0,strict,0,seek_data_v3_deep_enhanced/results/mediumcase/Mixed/Mixed_medium_24/IF-PDAG_Analysis/findings.json
Mixed_medium_24,VGAE,VGAE,0.5142857142857142,0.6666666666666666,0.5806451612903226,0.6392136169677481,0.8182951523199773,0.920215063034388,strict,0,seek_data_v3_deep_enhanced/results/mediumcase/Mixed/Mixed_medium_24/VGAE_Analysis/findings.json
Mixed_medium_24,GATE,GATE,0.6571428571428571,0.8518518518518519,0.7419354838709677,0.7439069673166002,0.6368727817371344,0.7328974458674143,strict,0,seek_data_v3_deep_enhanced/results/mediumcase/Mixed/Mixed_medium_24/GATE_Analysis/findings.json
Mixed_medium_24,DistMult,DistMult,0.7428571428571429,0.9629629629629629,0.8387096774193549,0.8497512131891584,0.6349298578126651,0.8053277832377791,strict,0,seek_data_v3_deep_enhanced/results/mediumcase/Mixed/Mixed_medium_24/DistMult_Analysis/findings.json
Mixed_medium_24,NOTEARS,NOTEARS,0.7428571428571429,0.9629629629629629,0.8387096774193549,0.6207942131587474,0.49915209099690316,0.6491448949022344,strict,0,seek_data_v3_deep_enhanced/results/mediumcase/Mixed/Mixed_medium_24/NOTEARS_Analysis/findings.json
Mixed_medium_24,GES,GES,0.6857142857142857,0.8888888888888888,0.7741935483870968,0.756982364861596,0.4648946171512268,0.6599998896817278,strict,0,seek_data_v3_deep_enhanced/results/mediumcase/Mixed/Mixed_medium_24/GES_Analysis/findings.json
Mixed_medium_24,GOLEM,GOLEM,0.6857142857142857,0.8888888888888888,0.7741935483870968,0.6213209558308077,0.7155416390060547,0.8572299671543304,strict,0,seek_data_v3_deep_enhanced/results/mediumcase/Mixed/Mixed_medium_24/GOLEM_Analysis/findings.json
Mixed_medium_24,PC-VGAE,PCVGAE,0.8148148148148148,0.8148148148148148,0.8148148148148148,0.8024161503090229,0.8089810518621173,0.8544140001870956,strict,0,seek_data_v3_deep_enhanced/results/mediumcase/Mixed/Mixed_medium_24/PCVGAE_Analysis/1_Final_Results/pc_pcvgae_audit/final_aggregated_uncertainty_map.json
Mixed_medium_24,PC-GATE,PCGATE,0.84,0.7777777777777778,0.8076923076923077,0.7509843123821232,0.7342140458918618,0.894285651434359,strict,0,seek_data_v3_deep_enhanced/results/mediumcase/Mixed/Mixed_medium_24/PCGATE_Analysis/1_Final_Results/pc_pcgate_audit/final_aggregated_uncertainty_map.json
Mixed_medium_25,CommonNeighbors,CommonNeighbors,0.5714285714285714,0.8,0.6666666666666666,0.402905271110897,0.4441849944218394,0.5369289299413958,strict,0,seek_data_v3_deep_enhanced/results/mediumcase/Mixed/Mixed_medium_25/CommonNeighbors_Analysis/findings.json
Mixed_medium_25,Peter-Clark,Peter-Clark,1,0.92,0.9583333333333334,0.92,0.9322029311329567,0.9778859800504678,strict,0,seek_data_v3_deep_enhanced/results/mediumcase/Mixed/Mixed_medium_25/Peter-Clark_Analysis/findings.json
Mixed_medium_25,GAT,GAT,0.6,0.84,0.7000000000000001,0.8182299409891339,0.8648803221615196,0.9598345039558275,strict,0,seek_data_v3_deep_enhanced/results/mediumcase/Mixed/Mixed_medium_25/GAT_Analysis/findings.json
Mixed_medium_25,CDHC,CDHC,0.2857142857142857,0.4,0.3333333333333333,0.32468407575757574,0.9398361751203294,0.9398361751203294,strict,0,seek_data_v3_deep_enhanced/results/mediumcase/Mixed/Mixed_medium_25/CDHC_Analysis/findings.json
Mixed_medium_25,IF-PDAG,IF-PDAG,0.6857142857142857,0.96,0.7999999999999999,0.5954594365507344,0.621747987070946,0.7498447847614261,strict,0,seek_data_v3_deep_enhanced/results/mediumcase/Mixed/Mixed_medium_25/IF-PDAG_Analysis/findings.json
Mixed_medium_25,VGAE,VGAE,0.5714285714285714,0.8,0.6666666666666666,0.7401533629653803,0.6623543278181586,0.7746923202052796,strict,0,seek_data_v3_deep_enhanced/results/mediumcase/Mixed/Mixed_medium_25/VGAE_Analysis/findings.json
Mixed_medium_25,GATE,GATE,0.7142857142857143,1.0,0.8333333333333333,0.9561747245648916,0.6953234223733802,0.833257830079834,strict,0,seek_data_v3_deep_enhanced/results/mediumcase/Mixed/Mixed_medium_25/GATE_Analysis/findings.json
Mixed_medium_25,DistMult,DistMult,0.5142857142857142,0.72,0.6,0.6312582711084185,0.7205845756056627,0.794616420114431,strict,0,seek_data_v3_deep_enhanced/results/mediumcase/Mixed/Mixed_medium_25/DistMult_Analysis/findings.json
Mixed_medium_25,NOTEARS,NOTEARS,0.6571428571428571,0.92,0.7666666666666667,0.8231277750725857,0.6250677670941928,0.7505104554458233,strict,0,seek_data_v3_deep_enhanced/results/mediumcase/Mixed/Mixed_medium_25/NOTEARS_Analysis/findings.json
Mixed_medium_25,GES,GES,0.7142857142857143,1.0,0.8333333333333333,0.9487697425817785,0.6185933486629382,0.8261182206564225,strict,0,seek_data_v3_deep_enhanced/results/mediumcase/Mixed/Mixed_medium_25/GES_Analysis/findings.json
Mixed_medium_25,GOLEM,GOLEM,0.6571428571428571,0.92,0.7666666666666667,0.88309912654879,0.7677807618308466,0.8534978551057694,strict,0,seek_data_v3_deep_enhanced/results/mediumcase/Mixed/Mixed_medium_25/GOLEM_Analysis/findings.json
Mixed_medium_25,PC-VGAE,PCVGAE,0.9166666666666666,0.88,0.8979591836734694,0.8797252115141084,0.8126546641925939,0.8721996309951486,strict,0,seek_data_v3_deep_enhanced/results/mediumcase/Mixed/Mixed_medium_25/PCVGAE_Analysis/1_Final_Results/pc_pcvgae_audit/final_aggregated_uncertainty_map.json
Mixed_medium_25,PC-GATE,PCGATE,0.88,0.88,0.88,0.8777526379693319,0.8141617030911454,0.8726871336893259,strict,0,seek_data_v3_deep_enhanced/results/mediumcase/Mixed/Mixed_medium_25/PCGATE_Analysis/1_Final_Results/pc_pcgate_audit/final_aggregated_uncertainty_map.json
